fare_amount,key
8.78943844744,2015-01-27 13:08:24.0000002
9.3932776874,2015-01-27 13:08:24.0000003
6.52677494833,2011-10-08 11:53:44.0000002
8.6087104365,2012-12-01 21:12:12.0000002
13.5183958855,2012-12-01 21:12:12.0000003
10.9168383639,2012-12-01 21:12:12.0000005
7.47844610827,2011-10-06 12:10:20.0000001
49.3114572535,2011-10-06 12:10:20.0000003
11.6452591267,2011-10-06 12:10:20.0000002
7.8363519902,2014-02-18 15:22:20.0000002
9.02515430976,2014-02-18 15:22:20.0000003
15.2907800937,2014-02-18 15:22:20.0000001
6.97264485479,2010-03-29 20:20:32.0000002
8.82682526973,2010-03-29 20:20:32.0000001
9.08204878056,2011-10-06 03:59:12.0000002
14.4589118006,2011-10-06 03:59:12.0000001
6.18266487071,2012-07-15 16:45:04.0000006
10.7092773218,2012-07-15 16:45:04.0000002
6.47761528751,2012-07-15 16:45:04.0000003
6.41902259122,2012-07-15 16:45:04.0000004
8.91707999238,2014-10-29 02:09:56.0000001
9.65002439775,2014-06-14 13:39:00.00000010
7.25968359865,2014-06-14 13:39:00.00000060
8.87467021671,2014-06-14 13:39:00.00000087
14.2461262146,2014-06-14 13:39:00.00000050
7.88281026733,2014-06-14 13:39:00.0000003
34.0382746937,2014-06-14 13:39:00.000000158
21.2681000284,2014-06-14 13:39:00.00000015
7.12594417787,2014-06-14 13:39:00.00000073
14.2237785415,2014-06-14 13:39:00.00000077
9.0399274389,2014-06-14 13:39:00.000000145
7.3962999414,2014-06-14 13:39:00.00000079
6.63122237918,2014-06-14 13:39:00.000000121
9.01563584251,2014-06-14 13:39:00.00000021
8.5547268451,2014-06-14 13:39:00.0000005
8.48597467513,2014-06-14 13:39:00.000000165
6.92361299313,2014-06-14 13:39:00.000000184
7.63097692691,2014-06-14 13:39:00.00000059
8.55141834004,2014-06-14 13:39:00.00000070
6.55023182896,2014-06-14 13:39:00.00000068
17.372073936,2014-06-14 13:39:00.000000133
10.4013129086,2014-06-14 13:39:00.000000128
16.4473386877,2014-06-14 13:39:00.000000136
8.60935673114,2014-06-14 13:39:00.00000017
6.57030623734,2014-06-14 13:39:00.000000111
10.7087172583,2014-06-14 13:39:00.000000115
7.2752730184,2014-06-14 13:39:00.000000168
7.99559707952,2014-06-14 13:39:00.00000031
7.72781329522,2014-06-14 13:39:00.000000116
7.01552738681,2014-06-14 13:39:00.00000051
11.8017720855,2014-06-14 13:39:00.000000193
12.5400291877,2014-06-14 13:39:00.000000132
17.0368947359,2014-06-14 13:39:00.000000167
7.17355879869,2014-06-14 13:39:00.00000044
7.64921075485,2014-06-14 13:39:00.000000138
13.6871489281,2014-06-14 13:39:00.00000066
11.7088293861,2014-06-14 13:39:00.00000063
10.5643069231,2014-06-14 13:39:00.000000154
12.8141815008,2014-06-14 13:39:00.00000097
12.5777728777,2014-06-14 13:39:00.00000067
8.39656517701,2014-06-14 13:39:00.000000179
8.2025796171,2014-06-14 13:39:00.00000092
6.59111509391,2014-06-14 13:39:00.00000029
7.09362276106,2014-06-14 13:39:00.000000177
7.96304730478,2014-06-14 13:39:00.000000192
7.67973359035,2014-06-14 13:39:00.000000181
9.31259340162,2014-06-14 13:39:00.000000120
7.27340440754,2014-06-14 13:39:00.0000008
6.52600327509,2014-06-14 13:39:00.000000103
14.8551728579,2014-06-14 13:39:00.00000049
8.06436557645,2014-06-14 13:39:00.000000108
6.85299756815,2014-06-14 13:39:00.00000072
11.4099181902,2014-06-14 13:39:00.000000182
7.85492349242,2014-06-14 13:39:00.00000061
10.2534468662,2014-06-14 13:39:00.00000093
11.5372846875,2014-06-14 13:39:00.000000170
36.0585096675,2014-06-14 13:39:00.000000147
6.22590920098,2014-06-14 13:39:00.000000140
5.99001434099,2014-06-14 13:39:00.000000159
6.91142991547,2014-06-14 13:39:00.00000012
7.68710955793,2014-06-14 13:39:00.00000025
7.80123617911,2014-06-14 13:39:00.000000156
8.13443778965,2014-06-14 13:39:00.000000152
8.41164661474,2014-06-14 13:39:00.000000129
15.3497077731,2014-06-14 13:39:00.000000119
7.73733156483,2014-06-14 13:39:00.000000118
6.39210946355,2014-06-14 13:39:00.00000076
6.88618805816,2014-06-14 13:39:00.000000135
16.20545304,2014-06-14 13:39:00.00000023
10.0029897857,2014-06-14 13:39:00.00000082
8.85305773945,2014-06-14 13:39:00.000000125
9.55009896236,2014-06-14 13:39:00.00000075
8.06653604418,2014-06-14 13:39:00.000000124
7.84651345858,2014-06-14 13:39:00.000000172
13.3034972127,2014-06-14 13:39:00.00000024
11.5440348527,2014-06-14 13:39:00.000000169
10.0746053819,2014-06-14 13:39:00.00000052
12.4423420778,2014-06-14 13:39:00.000000161
8.45027930014,2014-06-14 13:39:00.00000038
8.65210309522,2014-06-14 13:39:00.00000035
11.3462114982,2014-06-14 13:39:00.00000053
8.04698886356,2014-06-14 13:39:00.000000183
47.9984914435,2014-06-14 13:39:00.000000131
7.91839594655,2014-06-14 13:39:00.000000180
5.60462375686,2014-06-14 13:39:00.000000130
6.08619208239,2014-06-14 13:39:00.00000032
11.5468517609,2014-06-14 13:39:00.000000148
10.3063022379,2014-06-14 13:39:00.0000007
10.9002090756,2014-06-14 13:39:00.00000095
24.7846589308,2014-06-14 13:39:00.000000144
27.9854783702,2014-06-14 13:39:00.000000141
15.9680910025,2014-06-14 13:39:00.000000162
10.9463053727,2014-06-14 13:39:00.00000018
9.66713716411,2014-06-14 13:39:00.00000054
7.49639310218,2014-06-14 13:39:00.00000040
8.143768324,2014-06-14 13:39:00.00000096
14.6175955064,2014-06-14 13:39:00.00000055
10.2974917572,2014-06-14 13:39:00.000000109
8.51094183833,2014-06-14 13:39:00.000000151
9.20154023232,2014-06-14 13:39:00.00000016
10.5107576789,2014-06-14 13:39:00.00000062
5.5784622355,2014-06-14 13:39:00.000000191
9.82354241122,2014-06-14 13:39:00.00000034
7.49102566396,2014-06-14 13:39:00.000000160
7.84384941935,2014-06-14 13:39:00.00000013
6.76221395539,2014-06-14 13:39:00.000000188
8.86566580378,2014-06-14 13:39:00.00000086
10.265320113,2014-06-14 13:39:00.000000185
8.98222274041,2014-06-14 13:39:00.00000074
15.0471278733,2014-06-14 13:39:00.00000022
7.50715913666,2014-06-14 13:39:00.00000036
6.13646702307,2014-06-14 13:39:00.000000126
7.89680345328,2014-06-14 13:39:00.000000190
7.95418651915,2014-06-14 13:39:00.00000042
6.84885807139,2014-06-14 13:39:00.000000178
6.78584065491,2014-06-14 13:39:00.000000163
10.0087490838,2014-06-14 13:39:00.00000020
7.49733539962,2014-06-14 13:39:00.00000098
18.6014255244,2014-06-14 13:39:00.000000114
7.79095254739,2014-06-14 13:39:00.00000045
6.83782030926,2014-06-14 13:39:00.00000094
10.0182938726,2014-06-14 13:39:00.000000146
7.71529089622,2014-06-14 13:39:00.00000033
6.82293233615,2014-06-14 13:39:00.000000143
7.86081229903,2014-06-14 13:39:00.000000107
9.4144953254,2014-06-14 13:39:00.00000048
11.1408054851,2014-06-14 13:39:00.00000043
8.63328231637,2014-06-14 13:39:00.000000123
9.33229003303,2014-06-14 13:39:00.000000134
7.44171578881,2014-06-14 13:39:00.000000142
9.9892218248,2014-06-14 13:39:00.000000122
7.64219824256,2014-06-14 13:39:00.000000176
7.36021912185,2011-12-12 09:42:12.0000004
6.74852815332,2011-12-12 09:42:12.0000002
12.3084310823,2011-12-12 09:42:12.0000001
8.8399695947,2011-12-12 09:42:12.0000003
8.94806691429,2011-12-12 09:42:12.0000005
17.1919089902,2013-06-27 00:20:40.0000001
12.5060121789,2013-06-27 00:20:40.0000003
9.6316288438,2009-02-20 13:34:16.0000001
10.5917511114,2009-02-20 13:34:16.0000002
8.36325719893,2009-02-20 13:34:16.0000003
24.8165341569,2010-08-22 21:14:08.0000001
14.3323971613,2010-08-22 21:14:08.0000005
6.87909134583,2010-08-22 21:14:08.0000003
10.6095032019,2010-08-22 21:14:08.0000002
6.16649284826,2012-08-06 08:58:08.0000002
17.3972208616,2012-08-06 08:58:08.0000001
7.55390209724,2013-11-04 08:34:12.0000003
9.50211878213,2013-11-04 08:34:12.0000001
8.24402456608,2013-11-04 08:34:12.0000002
9.67764558967,2011-06-24 20:34:48.0000002
18.0612102177,2011-06-24 20:34:48.0000001
8.70305511446,2011-03-28 20:38:36.0000003
6.00753963705,2011-03-28 20:38:36.0000004
10.5507480267,2011-03-28 20:38:36.0000002
7.48883280697,2011-08-14 20:36:28.0000004
8.65643162075,2011-08-14 20:36:28.0000001
15.9331818659,2011-08-14 20:36:28.0000003
9.87843512673,2011-08-14 20:36:28.0000002
11.6677388041,2015-02-21 15:52:44.0000004
9.78731402333,2015-02-21 15:52:44.0000003
10.3909202451,2015-02-21 15:52:44.0000002
9.96443393457,2015-02-21 15:52:44.0000001
8.94172640001,2013-01-29 11:29:52.0000001
8.86187178361,2014-09-12 19:03:48.0000001
9.12693938489,2013-11-09 18:52:40.0000004
10.0427360622,2013-11-09 18:52:40.0000002
46.6280400248,2013-04-25 16:10:04.0000001
8.35505802197,2013-04-25 16:10:04.0000002
9.59575338528,2013-09-07 14:37:52.0000001
9.71690560395,2013-09-07 14:37:52.0000002
7.35948101663,2013-09-07 14:37:52.0000003
7.58863858313,2011-05-21 13:16:20.0000004
8.1745896817,2011-05-21 13:16:20.0000001
9.12111197376,2011-05-21 13:16:20.0000003
8.18193967062,2011-11-25 16:36:24.0000002
11.8585652599,2011-11-25 16:36:24.0000001
6.86070400227,2015-01-31 20:54:04.0000001
8.26979435233,2010-11-01 23:31:28.0000002
10.9715393494,2010-11-01 23:31:28.0000001
11.9787906199,2010-11-01 23:31:28.0000003
6.0159727872,2011-03-24 15:57:04.0000003
9.34013362995,2011-03-24 15:57:04.0000001
8.13146470418,2010-05-10 10:37:04.0000005
7.32460938102,2010-05-10 10:37:04.0000002
9.74286237722,2010-05-10 10:37:04.0000003
10.0734117873,2010-05-10 10:37:04.0000006
9.39985971478,2012-06-09 16:53:44.0000002
15.360056665,2012-08-22 22:39:20.0000003
7.55794995459,2012-08-22 22:39:20.0000001
15.4623593579,2012-12-23 02:29:16.0000001
13.9344600707,2012-06-30 15:55:12.0000004
8.66251210024,2012-06-30 15:55:12.0000002
11.1086170045,2012-06-30 15:55:12.0000003
8.02099503111,2012-06-30 15:55:12.0000001
14.2812992348,2011-10-02 23:36:00.00000056
13.6727449265,2011-10-02 23:36:00.00000086
11.7472745692,2011-10-02 23:36:00.00000081
6.43896068108,2011-10-02 23:36:00.0000009
13.3223855793,2011-10-02 23:36:00.00000041
6.30600187348,2011-10-02 23:36:00.00000091
13.2071077156,2011-10-02 23:36:00.0000008
28.0143722044,2011-10-02 23:36:00.00000015
12.1520319081,2011-10-02 23:36:00.00000014
9.22191894992,2011-10-02 23:36:00.00000047
8.60632358488,2011-10-02 23:36:00.00000076
9.07816240982,2011-10-02 23:36:00.00000011
7.17008128471,2011-10-02 23:36:00.00000075
9.0233884706,2011-10-02 23:36:00.00000035
6.94573891648,2011-10-02 23:36:00.00000099
10.5154733313,2011-10-02 23:36:00.00000062
10.2727801824,2011-10-02 23:36:00.00000085
20.420389746,2011-10-02 23:36:00.00000043
9.21372649938,2011-10-02 23:36:00.00000071
7.45090124115,2011-10-02 23:36:00.00000023
7.85730349761,2011-10-02 23:36:00.00000092
11.6830230036,2011-10-02 23:36:00.00000037
11.1168822428,2011-10-02 23:36:00.00000083
10.6095717556,2011-10-02 23:36:00.00000054
11.0928965391,2011-10-02 23:36:00.00000073
8.34272406999,2011-10-02 23:36:00.0000005
7.70487506596,2011-10-02 23:36:00.00000095
8.63007978239,2011-10-02 23:36:00.00000088
9.8779829773,2011-10-02 23:36:00.00000030
14.9337919588,2011-10-02 23:36:00.0000007
10.7481321981,2011-10-02 23:36:00.00000013
25.9618533366,2011-10-02 23:36:00.00000065
50.6570022709,2011-10-02 23:36:00.00000089
8.77167209825,2011-10-02 23:36:00.00000096
11.3963542397,2011-10-02 23:36:00.00000039
23.5190973054,2011-10-02 23:36:00.00000038
16.9392228565,2011-10-02 23:36:00.00000067
9.79627225879,2011-10-02 23:36:00.00000077
12.9529354438,2011-10-02 23:36:00.00000020
17.5046219386,2011-10-02 23:36:00.00000063
8.24508602391,2011-10-02 23:36:00.00000012
17.1333046011,2011-10-02 23:36:00.00000058
11.7637016612,2011-10-02 23:36:00.00000026
19.5505126064,2011-10-02 23:36:00.00000074
11.7248096216,2011-10-02 23:36:00.00000059
14.3365127576,2011-10-02 23:36:00.00000090
33.47013264,2011-10-02 23:36:00.0000004
15.9604397078,2011-10-02 23:36:00.0000003
14.2159296976,2011-10-02 23:36:00.00000021
9.73791759803,2011-10-02 23:36:00.00000097
13.7095879182,2011-10-02 23:36:00.00000036
16.3353803884,2011-10-02 23:36:00.00000024
45.4308679088,2011-10-02 23:36:00.00000082
10.9492954916,2011-10-02 23:36:00.000000100
6.20215540345,2011-10-02 23:36:00.00000040
6.48453057101,2011-10-02 23:36:00.00000022
10.9109538637,2013-03-21 12:47:28.0000006
10.572084771,2013-03-21 12:47:28.0000008
11.2850348433,2013-03-21 12:47:28.0000003
8.29695907367,2013-03-21 12:47:28.0000005
8.17850844635,2013-03-21 12:47:28.0000002
14.8378496811,2013-06-07 03:02:56.0000002
8.64492579282,2013-06-07 03:02:56.0000001
5.5784622355,2010-09-05 22:31:32.0000002
10.3356051783,2013-07-12 23:33:24.0000001
15.699503831,2009-12-03 02:32:08.0000001
7.6963949714,2009-10-15 03:50:36.0000001
18.0378401659,2011-09-25 22:36:32.0000002
12.8322764755,2011-09-25 22:36:32.0000001
10.83180037,2015-06-08 20:02:56.0000001
11.1343861002,2014-07-16 08:03:32.0000002
11.6893922389,2014-07-16 08:03:32.0000001
9.86047782112,2011-12-15 13:14:32.0000002
7.28423578571,2011-12-15 13:14:32.0000001
15.9800413799,2011-10-11 22:13:48.0000002
9.81639935154,2011-10-11 22:13:48.0000005
9.53960058321,2011-10-11 22:13:48.0000003
9.76747000687,2013-09-14 16:53:20.0000001
11.0581894501,2013-09-14 16:53:20.0000002
6.96923047158,2014-02-06 09:09:56.0000004
7.72899963814,2014-02-06 09:09:56.0000003
6.94706065852,2014-02-06 09:09:56.0000001
29.8426157466,2009-06-10 16:55:00.00000081
7.05305003351,2009-06-10 16:55:00.00000029
7.48051168491,2009-06-10 16:55:00.000000109
42.385461497,2009-06-10 16:55:00.00000098
9.80339894446,2009-06-10 16:55:00.00000054
31.9532465285,2009-06-10 16:55:00.00000021
8.49283853131,2009-06-10 16:55:00.00000012
5.91939565368,2009-06-10 16:55:00.00000033
8.839303799,2009-06-10 16:55:00.00000024
8.72938957117,2009-06-10 16:55:00.00000099
8.38009146886,2009-06-10 16:55:00.0000009
6.14459013464,2009-06-10 16:55:00.000000158
6.59856900746,2009-06-10 16:55:00.000000141
8.77406904333,2009-06-10 16:55:00.00000093
10.6936757621,2009-06-10 16:55:00.000000161
6.66848846636,2009-06-10 16:55:00.00000088
9.86211870286,2009-06-10 16:55:00.0000003
7.32598011392,2009-06-10 16:55:00.00000018
8.56459232658,2009-06-10 16:55:00.00000047
11.3613064423,2009-06-10 16:55:00.000000154
5.5784622355,2009-06-10 16:55:00.000000131
10.5000166613,2009-06-10 16:55:00.00000046
8.14386370868,2009-06-10 16:55:00.0000004
5.8455562872,2009-06-10 16:55:00.000000107
8.60986275433,2009-06-10 16:55:00.000000114
9.08673197203,2009-06-10 16:55:00.000000117
10.424560927,2009-06-10 16:55:00.000000162
11.8760475545,2009-06-10 16:55:00.00000049
9.40787870938,2009-06-10 16:55:00.00000069
9.29109989301,2009-06-10 16:55:00.000000111
7.00720731945,2009-06-10 16:55:00.00000083
35.988348656,2009-06-10 16:55:00.000000166
11.2591672054,2009-06-10 16:55:00.000000135
24.9986170262,2009-06-10 16:55:00.00000044
8.82018226975,2009-06-10 16:55:00.00000085
7.54383931704,2009-06-10 16:55:00.000000115
7.5985880623,2009-06-10 16:55:00.000000108
8.38488239258,2009-06-10 16:55:00.00000034
14.6297923099,2009-06-10 16:55:00.00000060
7.72857423618,2009-06-10 16:55:00.000000120
24.0418246499,2009-06-10 16:55:00.000000174
8.31779189303,2009-06-10 16:55:00.0000007
7.97087213827,2009-06-10 16:55:00.000000159
17.6721322304,2009-06-10 16:55:00.000000171
12.5525470567,2009-06-10 16:55:00.000000145
9.49747568334,2009-06-10 16:55:00.00000074
12.3791539124,2009-06-10 16:55:00.000000138
7.27813545223,2009-06-10 16:55:00.00000048
6.43233394571,2009-06-10 16:55:00.000000101
7.19054380765,2009-06-10 16:55:00.000000153
6.16182690314,2009-06-10 16:55:00.0000002
8.63311129748,2009-06-10 16:55:00.00000037
7.98693832964,2009-06-10 16:55:00.000000151
21.6360468742,2009-06-10 16:55:00.000000127
5.58150918932,2009-06-10 16:55:00.000000144
12.2092114517,2009-06-10 16:55:00.000000165
6.61736695057,2009-06-10 16:55:00.0000008
8.64861166486,2009-06-10 16:55:00.000000122
23.2643415897,2009-06-10 16:55:00.00000055
6.46665441664,2009-06-10 16:55:00.00000079
14.8731682297,2009-06-10 16:55:00.00000016
16.3813028149,2009-06-10 16:55:00.000000160
6.43316212152,2009-06-10 16:55:00.000000139
7.4124753456,2009-06-10 16:55:00.00000075
8.78931266944,2009-06-10 16:55:00.00000017
7.71214965949,2009-06-10 16:55:00.00000070
13.1921210131,2009-06-10 16:55:00.000000118
9.09164812846,2009-06-10 16:55:00.00000066
7.43321092617,2009-06-10 16:55:00.000000164
10.804887561,2009-06-10 16:55:00.000000100
10.4153037416,2009-06-10 16:55:00.00000082
9.83996474852,2009-06-10 16:55:00.00000090
10.1052252121,2009-06-10 16:55:00.000000125
8.10263166834,2009-06-10 16:55:00.000000149
11.5058353615,2009-06-10 16:55:00.00000068
7.20411919689,2009-06-10 16:55:00.00000039
6.71816600972,2009-06-10 16:55:00.000000124
6.87346476105,2009-06-10 16:55:00.00000053
9.0501525163,2009-06-10 16:55:00.00000045
7.25367707573,2009-06-10 16:55:00.000000102
8.44277039577,2009-06-10 16:55:00.000000140
8.81523004649,2009-06-10 16:55:00.000000148
6.70393248179,2009-06-10 16:55:00.000000147
8.52388453755,2009-06-10 16:55:00.00000097
8.63285228621,2009-06-10 16:55:00.00000094
8.81934564222,2009-06-10 16:55:00.00000078
8.11607256257,2009-06-10 16:55:00.00000035
9.63146072371,2009-06-10 16:55:00.00000072
7.54681235075,2009-06-10 16:55:00.00000031
8.95957265927,2009-06-10 16:55:00.00000056
18.1487692142,2009-06-10 16:55:00.000000128
8.10257302577,2009-06-10 16:55:00.00000057
8.74061331327,2009-06-10 16:55:00.00000030
10.3264937078,2009-06-10 16:55:00.00000043
9.23089087012,2009-06-10 16:55:00.000000146
8.93604981143,2009-06-10 16:55:00.00000010
8.83549340542,2009-06-10 16:55:00.00000067
7.42141002545,2009-06-10 16:55:00.000000119
17.6716044985,2009-06-10 16:55:00.00000076
8.45048663998,2009-06-10 16:55:00.00000025
16.1765794956,2009-06-10 16:55:00.00000071
8.20937106494,2009-06-10 16:55:00.000000143
6.74717273444,2013-06-26 11:19:36.0000002
6.08449873982,2014-09-05 10:02:48.0000004
9.03297916444,2014-09-05 10:02:48.0000002
23.9919605713,2014-09-05 10:02:48.0000001
9.21180008302,2014-09-05 10:02:48.0000003
9.5855954751,2012-09-19 12:31:40.0000001
7.32915916277,2012-09-19 12:31:40.0000002
21.6993226108,2009-03-22 04:31:40.0000002
20.1956506244,2009-08-27 02:31:44.0000001
10.8956463692,2009-05-02 20:11:32.0000001
11.0706118256,2009-05-02 20:11:32.0000004
8.77535035504,2011-02-20 02:31:16.0000002
21.0847199464,2011-02-20 02:31:16.0000001
7.35778410525,2011-06-24 12:03:00.00000010
11.497052179,2011-06-24 12:03:00.00000067
12.1646197855,2011-06-24 12:03:00.00000071
7.56863201196,2011-06-24 12:03:00.000000100
5.5784622355,2011-06-24 12:03:00.000000145
10.1369305782,2011-06-24 12:03:00.000000152
12.7484348361,2011-06-24 12:03:00.00000026
7.02998187508,2011-06-24 12:03:00.000000199
6.61540124623,2011-06-24 12:03:00.000000195
7.52350645327,2011-06-24 12:03:00.000000119
5.5784622355,2011-06-24 12:03:00.00000086
9.25034096254,2011-06-24 12:03:00.00000012
18.4522936668,2011-06-24 12:03:00.00000097
6.4955010624,2011-06-24 12:03:00.00000058
6.47706821104,2011-06-24 12:03:00.000000176
6.40409491013,2011-06-24 12:03:00.000000139
9.254761631,2011-06-24 12:03:00.00000048
8.60950904427,2011-06-24 12:03:00.000000159
7.88217843964,2011-06-24 12:03:00.00000079
7.71223290895,2011-06-24 12:03:00.000000138
12.6891713471,2011-06-24 12:03:00.000000135
5.5784622355,2011-06-24 12:03:00.000000173
12.8867886346,2011-06-24 12:03:00.000000162
11.3465683512,2011-06-24 12:03:00.00000018
7.51187696085,2011-06-24 12:03:00.000000136
9.155094781,2011-06-24 12:03:00.000000185
8.37310319525,2011-06-24 12:03:00.00000069
8.08354737943,2011-06-24 12:03:00.000000105
8.05098213538,2011-06-24 12:03:00.000000180
10.9328075606,2011-06-24 12:03:00.00000053
7.58163043964,2011-06-24 12:03:00.000000142
10.4025602576,2011-06-24 12:03:00.000000188
6.15116469976,2011-06-24 12:03:00.00000089
8.69063920124,2011-06-24 12:03:00.000000109
8.58517014524,2011-06-24 12:03:00.00000074
11.6346656647,2011-06-24 12:03:00.000000113
7.4617946854,2011-06-24 12:03:00.00000044
7.43845014464,2011-06-24 12:03:00.000000183
5.5784622355,2011-06-24 12:03:00.00000047
10.4478452464,2011-06-24 12:03:00.0000006
10.245231487,2011-06-24 12:03:00.0000005
10.9884968321,2011-06-24 12:03:00.000000200
9.22007289421,2011-06-24 12:03:00.000000127
8.74172931488,2011-06-24 12:03:00.000000120
6.62299362888,2011-06-24 12:03:00.000000133
6.93551501849,2011-06-24 12:03:00.00000073
7.03412305476,2011-06-24 12:03:00.000000101
11.057777601,2011-06-24 12:03:00.000000187
8.11910016593,2011-06-24 12:03:00.000000122
7.63585430007,2011-06-24 12:03:00.000000175
11.3809869803,2011-06-24 12:03:00.000000154
9.68410950844,2011-06-24 12:03:00.000000197
9.86128748824,2011-06-24 12:03:00.00000017
8.77104070174,2011-06-24 12:03:00.000000186
10.5921180114,2011-06-24 12:03:00.00000020
9.95057525949,2011-06-24 12:03:00.00000035
8.9823345138,2011-06-24 12:03:00.000000193
9.14860809414,2011-06-24 12:03:00.000000201
20.1174265069,2011-06-24 12:03:00.00000054
8.53185900362,2011-06-24 12:03:00.00000075
9.37699619502,2011-06-24 12:03:00.000000114
21.3809295056,2011-06-24 12:03:00.00000062
24.5993283843,2011-06-24 12:03:00.00000055
7.27815155566,2011-06-24 12:03:00.00000025
7.93805645408,2011-06-24 12:03:00.00000022
11.7784324894,2011-06-24 12:03:00.000000144
7.46738017515,2011-06-24 12:03:00.000000177
7.39143448464,2011-06-24 12:03:00.000000124
6.56443839647,2011-06-24 12:03:00.00000094
7.24766750872,2011-06-24 12:03:00.00000041
8.1611312764,2011-06-24 12:03:00.000000141
9.94919827782,2011-06-24 12:03:00.00000092
17.2103317693,2011-06-24 12:03:00.000000189
12.0960916199,2011-06-24 12:03:00.000000171
7.82842918497,2011-06-24 12:03:00.000000157
9.36180864033,2011-06-24 12:03:00.000000179
12.0804039796,2011-06-24 12:03:00.000000107
16.3291802244,2011-06-24 12:03:00.00000095
5.5784622355,2011-06-24 12:03:00.00000076
8.84303016373,2011-06-24 12:03:00.000000156
24.725369406,2011-06-24 12:03:00.000000111
9.57163802832,2011-06-24 12:03:00.000000116
9.97017989327,2011-06-24 12:03:00.00000033
6.21497639169,2011-06-24 12:03:00.00000082
8.02810985744,2011-06-24 12:03:00.00000078
5.5784622355,2011-06-24 12:03:00.00000051
9.33217859669,2011-06-24 12:03:00.000000143
12.2243805342,2011-06-24 12:03:00.000000126
8.16595654165,2011-06-24 12:03:00.00000088
17.3148981323,2011-06-24 12:03:00.000000191
10.7789817832,2011-06-24 12:03:00.00000063
13.164497623,2011-06-24 12:03:00.00000045
8.92747223398,2011-06-24 12:03:00.00000060
25.1796952672,2011-06-24 12:03:00.00000040
8.46119370954,2011-06-24 12:03:00.00000057
7.26665510414,2011-06-24 12:03:00.00000013
27.2329119453,2011-06-24 12:03:00.00000068
6.56054609871,2011-06-24 12:03:00.000000165
6.44533606689,2011-06-24 12:03:00.00000056
9.59292097654,2011-06-24 12:03:00.000000150
7.17660041255,2011-06-24 12:03:00.00000052
45.6226602535,2011-06-24 12:03:00.00000085
8.76950355287,2011-06-24 12:03:00.000000190
7.60745118556,2011-06-24 12:03:00.00000072
7.11962276464,2011-06-24 12:03:00.000000137
7.70470634293,2011-06-24 12:03:00.000000102
8.13803855224,2011-06-24 12:03:00.000000106
6.08063447246,2011-06-24 12:03:00.000000118
13.7550974415,2011-06-24 12:03:00.00000046
12.1545862409,2011-06-24 12:03:00.000000110
7.47256123928,2011-06-24 12:03:00.000000181
7.1892460131,2011-06-24 12:03:00.000000194
5.59389983564,2011-06-24 12:03:00.00000061
10.4802291552,2011-06-24 12:03:00.0000001
8.56115974114,2011-06-24 12:03:00.00000087
6.78530687659,2011-06-24 12:03:00.00000066
8.5628167316,2011-06-24 12:03:00.000000146
45.9492119606,2011-06-24 12:03:00.000000149
9.00691554656,2011-06-24 12:03:00.00000038
9.15878235185,2011-06-24 12:03:00.000000196
9.18735944112,2011-06-24 12:03:00.00000093
6.54674088154,2011-06-24 12:03:00.000000170
7.92407876861,2011-06-24 12:03:00.000000168
13.0162275032,2011-06-24 12:03:00.0000002
13.5707257023,2011-06-24 12:03:00.00000042
6.47207713157,2014-06-15 07:06:00.0000006
10.0404954461,2014-06-15 07:06:00.00000037
7.03983913837,2014-06-15 07:06:00.00000025
8.54716678871,2014-06-15 07:06:00.0000008
36.5297311994,2014-06-15 07:06:00.00000036
20.1008872727,2014-06-15 07:06:00.00000042
6.86450038845,2014-06-15 07:06:00.00000033
5.64695391893,2014-06-15 07:06:00.00000013
48.835091986,2014-06-15 07:06:00.00000035
10.2302514539,2014-06-15 07:06:00.00000030
7.32660306872,2014-06-15 07:06:00.00000024
10.0301234373,2014-06-15 07:06:00.00000031
11.7724620486,2014-06-15 07:06:00.0000009
47.4886994217,2014-06-15 07:06:00.00000039
6.03215563017,2014-06-15 07:06:00.00000010
14.6425420992,2014-06-15 07:06:00.00000019
9.31874609771,2014-06-15 07:06:00.00000041
14.9943343807,2014-06-15 07:06:00.00000028
45.5360319815,2014-06-15 07:06:00.00000014
12.5425009405,2014-06-15 07:06:00.0000003
47.1833109672,2014-06-15 07:06:00.00000017
15.6644966357,2014-06-15 07:06:00.00000015
7.8810593263,2014-06-15 07:06:00.00000026
13.993862647,2014-06-15 07:06:00.0000002
7.09951552588,2014-06-15 07:06:00.00000040
7.17140763437,2014-06-15 07:06:00.00000016
6.50758462071,2014-06-06 16:22:20.0000003
8.66678634142,2014-06-06 16:22:20.0000002
12.9239763338,2015-05-30 21:29:04.0000004
15.0959685725,2015-05-30 21:29:04.0000007
11.1240921446,2015-05-30 21:29:04.0000003
7.89549251329,2015-05-30 21:29:04.0000001
11.5540008565,2009-10-26 12:01:36.0000001
9.53167121744,2009-10-26 12:01:36.0000002
8.19288342513,2009-10-26 12:01:36.0000005
8.63156710453,2009-10-26 12:01:36.0000003
7.32131944113,2013-02-02 15:45:08.0000003
11.0250838719,2013-02-02 15:45:08.0000001
10.1370316716,2013-02-02 15:45:08.0000002
8.358867188,2015-04-15 06:47:04.0000001
11.963580513,2015-04-15 06:47:04.0000002
7.91346867842,2010-12-14 23:27:36.0000001
6.50468633828,2009-03-05 11:03:04.0000002
13.8744035838,2009-03-05 11:03:04.0000001
6.47971874919,2013-07-18 12:23:40.0000003
6.48408191274,2013-07-18 12:23:40.0000002
8.90116364651,2013-07-18 12:23:40.0000001
9.70519966673,2014-04-14 13:48:32.0000004
5.9053337317,2014-04-14 13:48:32.0000003
10.3583996762,2014-08-18 05:33:08.0000001
28.2798147809,2012-01-28 03:14:28.0000001
11.5636180584,2009-09-14 02:19:00.00000014
12.4215770904,2009-09-14 02:19:00.00000035
9.50455644813,2009-09-14 02:19:00.00000040
6.99686895162,2009-09-14 02:19:00.00000031
6.39294242875,2009-09-14 02:19:00.0000003
11.2485970255,2009-09-14 02:19:00.00000025
8.20511963362,2009-09-14 02:19:00.0000008
8.95763066301,2009-09-14 02:19:00.00000024
7.80299341068,2009-09-14 02:19:00.00000021
12.6000782093,2009-09-14 02:19:00.00000036
37.9643462041,2009-09-14 02:19:00.0000009
11.6495528378,2009-09-14 02:19:00.0000001
6.73100482609,2009-09-14 02:19:00.00000018
9.12145160686,2009-09-14 02:19:00.00000039
14.2754208281,2009-09-14 02:19:00.0000002
11.5427389128,2009-09-14 02:19:00.00000038
16.9791535441,2009-09-14 02:19:00.00000020
9.29914648213,2009-09-14 02:19:00.00000028
20.183321343,2009-09-14 02:19:00.00000026
8.28871834403,2009-09-14 02:19:00.00000017
10.6655504276,2009-09-14 02:19:00.00000030
7.16815326777,2009-09-14 02:19:00.00000016
7.8181324004,2009-09-14 02:19:00.0000006
8.58693425441,2009-09-14 02:19:00.0000007
8.10201929465,2011-08-14 14:17:28.0000003
7.6687556343,2011-08-14 14:17:28.0000001
8.72467513932,2011-08-14 14:17:28.0000004
8.37375492868,2011-08-14 14:17:28.0000002
13.2988773855,2011-08-14 14:17:28.0000005
45.3480125501,2014-03-17 16:07:56.0000002
7.60956664717,2010-11-03 21:09:56.0000002
10.1859304347,2010-11-03 21:09:56.0000001
10.3448238816,2012-12-11 23:37:08.0000002
10.0402134897,2012-12-11 23:37:08.0000005
8.29196294481,2012-12-11 23:37:08.0000004
11.0251839889,2012-12-11 23:37:08.0000006
6.57604400376,2012-12-11 23:37:08.0000003
17.1172952029,2012-12-11 23:37:08.0000001
11.5522780623,2015-06-24 14:19:52.0000001
50.7770595372,2015-06-24 14:19:52.0000002
7.83429723939,2015-06-24 14:19:52.0000004
12.5185869081,2010-08-21 22:21:32.0000004
7.11084434554,2011-02-19 10:20:28.0000003
12.146537013,2011-02-19 10:20:28.0000002
8.54661769168,2011-02-19 10:20:28.0000001
10.1092668259,2011-02-19 10:20:28.0000004
12.0939324509,2011-10-02 22:31:44.0000004
22.1409001574,2011-10-02 22:31:44.0000002
16.3013077864,2011-10-02 22:31:44.0000003
6.89776569738,2012-01-26 11:17:36.0000002
20.9857012092,2012-05-06 23:37:24.0000002
16.6885747731,2012-05-06 23:37:24.0000001
7.90188384983,2013-06-12 20:03:36.0000001
43.1455023448,2013-06-12 20:03:36.0000002
45.4979709894,2015-02-27 14:15:52.0000003
10.6627952583,2013-12-21 17:20:32.0000001
11.6115468325,2009-06-29 08:09:40.0000002
10.7827732423,2009-06-29 08:09:40.0000001
8.43759643277,2014-09-14 17:22:12.0000002
9.63879745566,2014-09-14 17:22:12.0000001
12.5710482382,2014-09-14 17:22:12.0000003
7.98122538366,2014-09-14 17:22:12.0000005
12.7512974364,2014-08-20 14:37:56.0000001
7.09849663835,2011-07-20 16:34:48.0000001
8.07079509074,2011-07-20 16:34:48.0000003
8.86556135445,2009-10-05 10:11:32.0000001
15.9118099547,2009-10-05 10:11:32.0000002
13.8499650819,2011-02-16 08:44:04.0000001
8.97365491818,2011-02-16 08:44:04.0000007
10.3159227545,2011-02-16 08:44:04.0000004
8.07901123877,2011-02-16 08:44:04.0000003
7.53476503574,2011-02-16 08:44:04.0000002
19.4209541933,2011-02-16 08:44:04.0000006
8.73649873578,2011-02-16 08:44:04.0000005
7.53404023395,2009-01-01 11:04:24.0000002
8.60512777732,2014-04-28 19:46:36.0000003
38.158030886,2012-11-11 20:35:40.0000001
5.5784622355,2012-11-11 20:35:40.0000002
8.9943129422,2011-06-01 07:37:00.000000171
8.10463904417,2011-06-01 07:37:00.000000199
7.63274849075,2011-06-01 07:37:00.00000032
10.3657942148,2011-06-01 07:37:00.000000175
7.91067070005,2011-06-01 07:37:00.00000095
6.93300014947,2011-06-01 07:37:00.000000106
11.9493486809,2011-06-01 07:37:00.00000090
16.3932497176,2011-06-01 07:37:00.000000169
7.33954317619,2011-06-01 07:37:00.0000007
15.0300250857,2011-06-01 07:37:00.000000151
7.28618888249,2011-06-01 07:37:00.000000101
11.6004459184,2011-06-01 07:37:00.00000099
6.91191183529,2011-06-01 07:37:00.00000084
7.20274831341,2011-06-01 07:37:00.00000083
8.63989937416,2011-06-01 07:37:00.00000043
7.42707571057,2011-06-01 07:37:00.00000029
19.9241908122,2011-06-01 07:37:00.000000132
7.83604498512,2011-06-01 07:37:00.000000208
7.7134095484,2011-06-01 07:37:00.000000221
7.3548718388,2011-06-01 07:37:00.000000131
8.2900139933,2011-06-01 07:37:00.000000220
9.75959265547,2011-06-01 07:37:00.000000207
7.05801577844,2011-06-01 07:37:00.000000205
8.93354978349,2011-06-01 07:37:00.000000180
12.1838610728,2011-06-01 07:37:00.000000103
19.9930321551,2011-06-01 07:37:00.00000098
8.90797877125,2011-06-01 07:37:00.000000189
7.04408918794,2011-06-01 07:37:00.000000165
35.936949042,2011-06-01 07:37:00.000000184
8.11120449818,2011-06-01 07:37:00.00000092
10.721652467,2011-06-01 07:37:00.00000020
7.90490049266,2011-06-01 07:37:00.000000105
9.88653255023,2011-06-01 07:37:00.00000088
8.08562538716,2011-06-01 07:37:00.000000122
12.7799891249,2011-06-01 07:37:00.000000219
8.86786023429,2011-06-01 07:37:00.000000222
9.90204040345,2011-06-01 07:37:00.00000049
7.15012208382,2011-06-01 07:37:00.000000114
7.24631028221,2011-06-01 07:37:00.000000181
50.8040065111,2011-06-01 07:37:00.000000144
8.45115558859,2011-06-01 07:37:00.000000155
8.62864379932,2011-06-01 07:37:00.000000118
8.11878602384,2011-06-01 07:37:00.000000142
9.68486809648,2011-06-01 07:37:00.000000223
8.63392780103,2011-06-01 07:37:00.00000057
6.93746025591,2011-06-01 07:37:00.000000168
8.90416294416,2011-06-01 07:37:00.000000226
13.2626626527,2011-06-01 07:37:00.000000177
29.1249519476,2011-06-01 07:37:00.000000185
15.6855341878,2011-06-01 07:37:00.000000178
10.245260951,2011-06-01 07:37:00.000000140
12.1761018218,2011-06-01 07:37:00.000000141
8.4086773316,2011-06-01 07:37:00.00000045
9.65640734705,2011-06-01 07:37:00.00000086
9.11274092615,2011-06-01 07:37:00.000000145
10.1539711385,2011-06-01 07:37:00.00000037
7.41893387205,2011-06-01 07:37:00.00000094
7.37239734778,2011-06-01 07:37:00.00000082
11.1361811286,2011-06-01 07:37:00.000000179
7.4397357575,2011-06-01 07:37:00.000000197
14.5026226484,2011-06-01 07:37:00.000000154
11.827473681,2011-06-01 07:37:00.00000019
7.97794865427,2011-06-01 07:37:00.00000075
15.7729314949,2011-06-01 07:37:00.000000110
7.77717855061,2011-06-01 07:37:00.00000078
9.31359995747,2011-06-01 07:37:00.000000146
11.4390303096,2011-06-01 07:37:00.000000143
14.277553759,2011-06-01 07:37:00.000000227
6.62304078093,2011-06-01 07:37:00.00000070
9.40230982187,2011-06-01 07:37:00.000000176
9.97073828907,2011-06-01 07:37:00.000000217
8.66233628668,2011-06-01 07:37:00.00000026
9.43871049818,2011-06-01 07:37:00.000000209
10.8632077555,2011-06-01 07:37:00.000000183
7.34491513379,2011-06-01 07:37:00.000000210
10.6302259878,2011-06-01 07:37:00.00000060
7.42272274931,2011-06-01 07:37:00.000000174
11.439615364,2011-06-01 07:37:00.000000203
9.45214439481,2011-06-01 07:37:00.000000139
9.24907761365,2011-06-01 07:37:00.000000162
10.0717901313,2011-06-01 07:37:00.000000125
11.6282896295,2011-06-01 07:37:00.000000198
12.0022066025,2011-06-01 07:37:00.00000055
9.0675901782,2011-06-01 07:37:00.00000016
9.95101984545,2011-06-01 07:37:00.00000027
19.3329075263,2011-06-01 07:37:00.00000053
22.6497222148,2011-06-01 07:37:00.000000201
7.55421816696,2011-06-01 07:37:00.000000138
6.57139886321,2011-06-01 07:37:00.00000077
9.58707491671,2011-06-01 07:37:00.00000022
12.8007853692,2011-06-01 07:37:00.000000182
9.88403651226,2011-06-01 07:37:00.000000163
12.0974661087,2011-06-01 07:37:00.000000204
10.8887858377,2011-06-01 07:37:00.000000137
8.20471351448,2011-06-01 07:37:00.000000152
9.55213818152,2011-06-01 07:37:00.00000048
8.82970188994,2011-06-01 07:37:00.00000025
15.781517207,2011-06-01 07:37:00.000000100
6.91635475773,2011-06-01 07:37:00.00000015
18.0316065845,2011-06-01 07:37:00.00000097
10.4467695028,2011-06-01 07:37:00.000000127
7.74740836553,2011-06-01 07:37:00.000000170
15.3132348237,2011-06-01 07:37:00.00000091
9.12405842117,2011-06-01 07:37:00.000000109
8.55233816996,2011-06-01 07:37:00.00000028
21.3219721682,2011-06-01 07:37:00.000000129
6.80381322748,2011-06-01 07:37:00.000000158
7.42580205057,2011-06-01 07:37:00.0000005
10.517729132,2011-06-01 07:37:00.00000034
10.0813018298,2011-06-01 07:37:00.000000107
8.07654539708,2011-06-01 07:37:00.00000036
9.82976484509,2011-06-01 07:37:00.00000046
7.20968118092,2011-06-01 07:37:00.000000108
9.85908360838,2011-06-01 07:37:00.0000008
5.5784622355,2011-06-01 07:37:00.000000212
10.1280094094,2011-06-01 07:37:00.00000068
8.05574424928,2011-06-01 07:37:00.00000065
6.46540420532,2011-06-01 07:37:00.000000116
9.63536516669,2011-06-01 07:37:00.000000196
10.5744045019,2011-06-01 07:37:00.000000172
12.7412477984,2011-06-01 07:37:00.00000059
6.48386629236,2011-06-01 07:37:00.000000167
7.53423167801,2011-06-01 07:37:00.00000058
7.1176243911,2011-06-01 07:37:00.00000061
15.4562452998,2011-06-01 07:37:00.000000156
9.55972837183,2011-06-01 07:37:00.000000128
7.66378788938,2011-06-01 07:37:00.00000079
10.3121204802,2011-06-01 07:37:00.000000206
8.47125308212,2011-06-01 07:37:00.00000069
8.80735034158,2011-06-01 07:37:00.000000190
7.41939186027,2011-06-01 07:37:00.000000112
7.79929359638,2011-06-01 07:37:00.000000104
7.42947176213,2011-06-01 07:37:00.000000194
6.61709461998,2011-06-01 07:37:00.0000002
8.29379974352,2011-06-01 07:37:00.00000044
7.75260612485,2011-06-01 07:37:00.00000010
19.3018019217,2011-06-01 07:37:00.000000157
8.53663006805,2011-06-01 07:37:00.000000147
7.40086396718,2011-06-01 07:37:00.000000120
12.188786928,2011-06-01 07:37:00.000000149
10.720081376,2011-06-01 07:37:00.000000119
7.8772264658,2011-06-01 07:37:00.00000023
9.03816509031,2011-06-01 07:37:00.00000017
17.1006222743,2011-06-01 07:37:00.00000038
10.7419568851,2011-06-01 07:37:00.000000113
8.79557493598,2011-06-01 07:37:00.000000211
9.88668063516,2011-06-01 07:37:00.00000051
9.62746487015,2011-06-01 07:37:00.00000054
11.5615187214,2011-06-01 07:37:00.000000186
10.1097198736,2009-02-16 03:13:40.0000001
6.03525766304,2010-08-27 18:45:00.000000234
8.24204135597,2010-08-27 18:45:00.00000057
10.8555149752,2010-08-27 18:45:00.00000039
7.27540323285,2010-08-27 18:45:00.000000161
8.34125088775,2010-08-27 18:45:00.000000220
11.0960052267,2010-08-27 18:45:00.00000028
15.1676691006,2010-08-27 18:45:00.00000014
9.99773459326,2010-08-27 18:45:00.000000226
8.28595498309,2010-08-27 18:45:00.000000175
18.439116832,2010-08-27 18:45:00.00000040
14.6627507326,2010-08-27 18:45:00.000000144
9.20003404324,2010-08-27 18:45:00.00000085
5.84754654668,2010-08-27 18:45:00.000000194
9.31641670924,2010-08-27 18:45:00.00000094
15.1760131461,2010-08-27 18:45:00.000000141
6.7636037111,2010-08-27 18:45:00.00000067
8.21539265776,2010-08-27 18:45:00.000000231
8.80209602204,2010-08-27 18:45:00.000000214
12.3900675165,2010-08-27 18:45:00.00000037
7.86931921871,2010-08-27 18:45:00.000000165
6.36158376571,2010-08-27 18:45:00.000000158
9.39272248389,2010-08-27 18:45:00.000000217
14.8291111935,2010-08-27 18:45:00.00000090
10.0797390658,2010-08-27 18:45:00.000000142
8.728179359,2010-08-27 18:45:00.0000004
6.8425791973,2010-08-27 18:45:00.00000070
9.21134233892,2010-08-27 18:45:00.000000202
7.76653142712,2010-08-27 18:45:00.000000177
12.620309829,2010-08-27 18:45:00.00000084
8.16093696941,2010-08-27 18:45:00.000000209
22.935754817,2010-08-27 18:45:00.000000184
9.45348479084,2010-08-27 18:45:00.000000173
6.33660019791,2010-08-27 18:45:00.00000029
7.75818812933,2010-08-27 18:45:00.00000025
6.88045294643,2010-08-27 18:45:00.00000012
6.06356653581,2010-08-27 18:45:00.00000010
10.1432513161,2010-08-27 18:45:00.000000136
11.2384871815,2010-08-27 18:45:00.00000073
8.23534961984,2010-08-27 18:45:00.000000124
7.74796420017,2010-08-27 18:45:00.000000125
6.98918912718,2010-08-27 18:45:00.000000169
6.29384092508,2010-08-27 18:45:00.000000208
7.96853690103,2010-08-27 18:45:00.000000152
5.5784622355,2010-08-27 18:45:00.000000196
13.360408961,2010-08-27 18:45:00.0000005
6.62531243035,2010-08-27 18:45:00.00000077
8.12458640162,2010-08-27 18:45:00.000000123
11.6831571092,2010-08-27 18:45:00.00000046
8.05338982274,2010-08-27 18:45:00.00000033
12.878547168,2010-08-27 18:45:00.000000166
8.0305123919,2010-08-27 18:45:00.000000190
7.35021421539,2010-08-27 18:45:00.00000043
6.60927924583,2010-08-27 18:45:00.00000081
11.151760699,2010-08-27 18:45:00.00000034
18.5776096973,2010-08-27 18:45:00.00000089
7.49849193037,2010-08-27 18:45:00.000000189
9.46322935605,2010-08-27 18:45:00.00000078
9.19718764519,2010-08-27 18:45:00.00000053
8.50197908631,2010-08-27 18:45:00.000000188
8.6355396806,2010-08-27 18:45:00.00000071
17.6799759302,2010-08-27 18:45:00.00000097
7.25246623474,2010-08-27 18:45:00.00000031
13.1937757071,2010-08-27 18:45:00.000000101
7.93121042601,2010-08-27 18:45:00.000000140
23.3708042087,2010-08-27 18:45:00.00000054
9.48349335908,2010-08-27 18:45:00.0000006
9.06019304252,2010-08-27 18:45:00.00000011
8.61503721087,2010-08-27 18:45:00.00000055
9.70252525873,2010-08-27 18:45:00.000000160
12.8747119698,2010-08-27 18:45:00.00000024
7.39841426008,2010-08-27 18:45:00.000000106
7.69303487254,2010-08-27 18:45:00.000000131
14.0864871361,2010-08-27 18:45:00.00000087
11.595708422,2010-08-27 18:45:00.000000110
13.7179242507,2010-08-27 18:45:00.000000197
9.90278277865,2010-08-27 18:45:00.00000066
12.2013477361,2010-08-27 18:45:00.000000205
7.12445987394,2010-08-27 18:45:00.00000086
9.3349204472,2010-08-27 18:45:00.000000207
12.105027515,2010-08-27 18:45:00.00000068
7.03345520202,2010-08-27 18:45:00.00000050
7.81191270417,2010-08-27 18:45:00.00000045
5.86522960994,2010-08-27 18:45:00.00000093
8.88052924704,2010-08-27 18:45:00.00000061
7.21132230148,2010-08-27 18:45:00.00000022
7.47935268712,2010-08-27 18:45:00.00000018
10.4394433678,2010-08-27 18:45:00.000000192
6.6636798757,2010-08-27 18:45:00.000000148
7.32722389411,2010-08-27 18:45:00.000000195
6.60758022035,2010-08-27 18:45:00.000000155
10.7353695824,2010-08-27 18:45:00.000000129
8.16602108065,2010-08-27 18:45:00.000000133
12.1076129071,2010-08-27 18:45:00.00000063
7.72889313177,2010-08-27 18:45:00.00000076
15.4149997172,2010-08-27 18:45:00.000000204
7.14736909634,2010-08-27 18:45:00.000000179
5.73645959642,2010-08-27 18:45:00.000000219
7.08197596522,2010-08-27 18:45:00.000000107
9.56609436065,2010-08-27 18:45:00.000000153
13.3933035523,2010-08-27 18:45:00.00000026
8.55463037514,2010-08-27 18:45:00.000000198
11.4676365457,2010-08-27 18:45:00.00000016
7.68378556708,2010-08-27 18:45:00.00000060
23.1698510092,2010-08-27 18:45:00.00000017
13.0391455615,2010-08-27 18:45:00.000000109
12.3749492802,2010-08-27 18:45:00.000000227
6.97032377274,2010-08-27 18:45:00.000000181
8.17715495451,2010-08-27 18:45:00.000000191
8.5202790997,2010-08-27 18:45:00.000000228
13.0090154587,2010-08-27 18:45:00.00000069
11.3248358877,2010-08-27 18:45:00.000000113
9.29985657224,2010-08-27 18:45:00.00000049
6.6735565671,2010-08-27 18:45:00.000000103
6.7446167598,2010-08-27 18:45:00.0000003
9.74844969049,2010-08-27 18:45:00.0000008
7.87016127444,2010-08-27 18:45:00.000000134
22.5065155865,2010-08-27 18:45:00.000000183
14.5468219672,2010-08-27 18:45:00.00000013
7.23740771568,2010-08-27 18:45:00.000000235
10.4257503452,2010-08-27 18:45:00.00000038
14.4863116527,2010-08-27 18:45:00.00000030
10.426164989,2010-08-27 18:45:00.000000203
9.79179249071,2010-08-27 18:45:00.000000182
9.23943251604,2010-08-27 18:45:00.000000230
9.49197822244,2010-08-27 18:45:00.00000065
11.6383821701,2011-02-12 00:43:24.0000003
5.5784622355,2011-02-12 00:43:24.0000001
6.91457654452,2014-05-07 06:50:20.0000002
8.373532036,2014-05-07 06:50:20.0000001
10.4670022866,2014-05-07 06:50:20.0000003
9.29564675536,2011-04-27 20:59:24.0000002
14.6764827467,2011-04-27 20:59:24.0000003
6.97318692363,2011-04-27 20:59:24.0000004
9.63265766362,2011-04-27 20:59:24.0000001
7.40409210571,2011-04-27 20:59:24.0000005
9.04141951925,2010-08-14 02:13:00.00000069
10.1918946632,2010-08-14 02:13:00.00000049
7.46569402194,2010-08-14 02:13:00.00000059
18.8857143779,2010-08-14 02:13:00.00000075
8.44940802931,2010-08-14 02:13:00.00000020
18.1978815671,2010-08-14 02:13:00.000000102
7.28036290017,2010-08-14 02:13:00.00000060
13.788526974,2010-08-14 02:13:00.00000033
10.2115933405,2010-08-14 02:13:00.000000166
9.85751001856,2010-08-14 02:13:00.000000111
8.76306340452,2010-08-14 02:13:00.00000056
9.96722377357,2010-08-14 02:13:00.00000044
6.22926840631,2010-08-14 02:13:00.000000132
7.40326965985,2010-08-14 02:13:00.00000073
11.1144491844,2010-08-14 02:13:00.00000043
13.5811525196,2010-08-14 02:13:00.00000085
18.8461082782,2010-08-14 02:13:00.000000108
13.1210236783,2010-08-14 02:13:00.00000028
7.25303419401,2010-08-14 02:13:00.00000076
35.120428519,2010-08-14 02:13:00.00000066
15.4559132973,2010-08-14 02:13:00.00000080
10.9539436968,2010-08-14 02:13:00.000000149
8.08639953333,2010-08-14 02:13:00.00000054
12.944565238,2010-08-14 02:13:00.000000130
5.5784622355,2010-08-14 02:13:00.00000032
8.83720712198,2010-08-14 02:13:00.000000158
15.6867557141,2010-08-14 02:13:00.000000171
8.28726580578,2010-08-14 02:13:00.00000092
9.72377738185,2010-08-14 02:13:00.000000155
5.5784622355,2010-08-14 02:13:00.000000116
16.985705887,2010-08-14 02:13:00.000000109
9.52208447651,2010-08-14 02:13:00.00000030
15.4471174406,2010-08-14 02:13:00.00000015
7.34936236267,2010-08-14 02:13:00.000000133
7.84738760175,2010-08-14 02:13:00.00000072
13.2555849791,2010-08-14 02:13:00.00000052
17.4849782939,2010-08-14 02:13:00.000000170
8.10589010255,2010-08-14 02:13:00.0000007
9.37369424521,2010-08-14 02:13:00.000000165
15.3884756135,2010-08-14 02:13:00.00000026
7.28535649905,2010-08-14 02:13:00.000000148
12.210885538,2010-08-14 02:13:00.00000034
22.2313385623,2010-08-14 02:13:00.00000022
6.58153633235,2010-08-14 02:13:00.000000100
7.2860078119,2010-08-14 02:13:00.000000160
12.033017295,2010-08-14 02:13:00.0000009
12.1837890332,2010-08-14 02:13:00.00000038
11.6445445796,2010-08-14 02:13:00.0000001
8.88667330436,2010-08-14 02:13:00.00000078
11.6048854955,2010-08-14 02:13:00.000000134
21.9121789686,2010-08-14 02:13:00.00000077
9.48941740665,2010-08-14 02:13:00.000000168
10.6592660935,2010-08-14 02:13:00.000000161
8.89393109859,2010-08-14 02:13:00.000000122
6.86385337145,2010-08-14 02:13:00.00000035
9.35121232123,2010-08-14 02:13:00.000000110
9.86969439444,2010-08-14 02:13:00.000000146
15.8785498299,2010-08-14 02:13:00.00000010
6.82370520939,2010-08-14 02:13:00.000000141
18.3709399871,2010-08-14 02:13:00.00000087
8.79394075068,2010-08-14 02:13:00.000000137
8.71698141379,2010-08-14 02:13:00.00000064
10.0671179733,2010-08-14 02:13:00.00000084
14.4296539139,2010-08-14 02:13:00.000000139
37.9398658613,2010-08-14 02:13:00.00000089
47.5601086398,2010-08-14 02:13:00.000000140
10.2608867228,2010-08-14 02:13:00.00000012
6.870398005,2010-08-14 02:13:00.00000025
6.03730281452,2010-08-14 02:13:00.00000070
13.280642784,2010-08-14 02:13:00.0000004
12.7568004349,2010-08-14 02:13:00.00000090
16.4255700385,2010-08-14 02:13:00.000000101
7.95621323486,2010-08-14 02:13:00.00000017
8.24609251741,2010-08-14 02:13:00.00000055
10.1372937317,2010-08-14 02:13:00.00000014
16.2455597023,2010-08-14 02:13:00.000000142
8.07492471227,2010-08-14 02:13:00.00000021
18.1981146262,2010-08-14 02:13:00.00000047
7.06758041069,2010-08-14 02:13:00.00000083
8.98592000414,2010-08-14 02:13:00.000000162
10.9700575413,2015-04-16 22:32:48.0000006
6.56778469163,2015-04-16 22:32:48.0000001
7.47714373858,2015-04-16 22:32:48.0000004
14.544924289,2015-04-16 22:32:48.0000002
7.57782643422,2015-04-16 22:32:48.0000005
8.3901063335,2013-03-15 11:57:04.0000002
9.18901168867,2013-03-15 11:57:04.0000001
14.2548511964,2014-11-16 08:47:12.0000002
7.35116662688,2014-11-16 08:47:12.0000001
7.54564310361,2013-02-20 16:10:28.0000001
7.42088774824,2011-07-03 00:36:04.0000001
8.10175559283,2014-03-25 23:47:00.00000074
10.9806493493,2014-03-25 23:47:00.00000088
7.37119870907,2014-03-25 23:47:00.000000100
6.77394154364,2014-03-25 23:47:00.00000094
10.6121437454,2014-03-25 23:47:00.00000059
10.0947667962,2014-03-25 23:47:00.00000066
6.65838577054,2014-03-25 23:47:00.00000016
15.0858869914,2014-03-25 23:47:00.0000003
6.69284452352,2014-03-25 23:47:00.00000080
40.8819307404,2014-03-25 23:47:00.00000048
10.9301595,2014-03-25 23:47:00.00000058
23.9502724027,2014-03-25 23:47:00.00000070
12.81602366,2014-03-25 23:47:00.00000046
7.1206937183,2014-03-25 23:47:00.00000053
8.06400733112,2014-03-25 23:47:00.00000029
11.7817458574,2014-03-25 23:47:00.00000087
8.54580092343,2014-03-25 23:47:00.000000126
11.2234832168,2014-03-25 23:47:00.00000024
9.50358748616,2014-03-25 23:47:00.0000007
17.4690235171,2014-03-25 23:47:00.00000071
9.5631853983,2014-03-25 23:47:00.0000008
17.4340600762,2014-03-25 23:47:00.00000049
15.6874079769,2014-03-25 23:47:00.00000090
21.2136312196,2014-03-25 23:47:00.00000089
6.43040632876,2014-03-25 23:47:00.000000117
10.2185000999,2014-03-25 23:47:00.00000043
9.92097195864,2014-03-25 23:47:00.00000032
8.29610388567,2014-03-25 23:47:00.00000081
8.23751044116,2014-03-25 23:47:00.00000023
30.1753979763,2014-03-25 23:47:00.00000099
6.43220866593,2014-03-25 23:47:00.00000077
7.84209575128,2014-03-25 23:47:00.00000065
12.7509567492,2014-03-25 23:47:00.000000111
14.1171115992,2014-03-25 23:47:00.000000118
10.7168037478,2014-03-25 23:47:00.00000038
8.10329502757,2014-03-25 23:47:00.000000110
12.522084749,2014-03-25 23:47:00.00000014
27.5725234126,2014-03-25 23:47:00.00000086
7.60944746559,2014-03-25 23:47:00.00000097
17.7902837161,2014-03-25 23:47:00.00000092
11.0359408805,2014-03-25 23:47:00.000000140
20.7376166181,2014-03-25 23:47:00.000000123
6.85493741324,2014-03-25 23:47:00.000000131
12.9730220868,2014-03-25 23:47:00.00000033
6.64043645428,2014-03-25 23:47:00.00000015
21.2705570237,2014-03-25 23:47:00.000000125
18.3085162497,2014-03-25 23:47:00.00000061
13.0443691442,2014-03-25 23:47:00.00000027
19.8867994346,2014-03-25 23:47:00.000000101
9.83049352743,2014-03-25 23:47:00.000000136
7.07870965105,2014-03-25 23:47:00.000000133
22.4550314048,2014-03-25 23:47:00.0000006
12.0681898275,2014-03-25 23:47:00.00000047
7.83344115196,2014-03-25 23:47:00.00000056
7.13768447251,2014-03-25 23:47:00.0000001
6.76490217564,2014-03-25 23:47:00.00000045
7.41736258869,2014-03-25 23:47:00.00000073
16.9154297669,2014-03-25 23:47:00.00000030
20.3640392764,2014-03-25 23:47:00.00000010
11.6141894277,2014-03-25 23:47:00.00000072
16.8696700999,2014-03-25 23:47:00.0000009
7.88710175956,2014-03-25 23:47:00.00000082
8.16863443022,2014-03-25 23:47:00.00000017
8.45320891119,2014-03-25 23:47:00.00000050
9.22978182906,2014-03-25 23:47:00.000000121
18.020672814,2014-03-25 23:47:00.000000109
6.7672421611,2014-03-25 23:47:00.00000018
7.77162965179,2014-03-25 23:47:00.00000078
6.49713932592,2014-03-25 23:47:00.00000025
7.02014750457,2014-03-25 23:47:00.00000044
6.76188279517,2014-03-25 23:47:00.0000005
6.93702830341,2014-03-25 23:47:00.00000062
38.0103272861,2014-03-25 23:47:00.000000130
9.87955761653,2014-03-25 23:47:00.00000037
12.8599672293,2014-03-25 23:47:00.000000114
16.1286622226,2014-03-25 23:47:00.0000002
22.2849433186,2014-03-25 23:47:00.000000103
9.05901174839,2014-03-25 23:47:00.000000106
11.5117737255,2014-03-25 23:47:00.00000095
16.1113010678,2014-03-25 23:47:00.000000113
14.601509877,2014-03-25 23:47:00.0000004
16.3223762313,2014-03-25 23:47:00.00000041
13.6114632876,2014-03-25 23:47:00.00000079
10.3373132167,2011-06-21 13:19:20.0000001
7.80181036127,2011-06-21 13:19:20.0000003
12.1480803336,2011-06-21 13:19:20.0000002
7.73466070505,2013-01-02 20:53:44.0000001
7.3521007479,2013-01-02 20:53:44.0000002
12.2991459129,2009-10-07 08:16:24.0000001
13.0891738384,2012-08-25 22:18:36.0000003
12.794180649,2012-08-25 22:18:36.0000004
9.31373488365,2012-08-25 22:18:36.0000001
10.4013844028,2012-08-25 22:18:36.0000002
8.46997316684,2015-06-05 08:38:56.0000005
9.36245756529,2015-06-05 08:38:56.0000007
7.62179556222,2015-06-05 08:38:56.0000006
21.4951891874,2015-06-05 08:38:56.0000004
24.2722644244,2015-06-05 08:38:56.0000001
14.1389853398,2015-06-05 08:38:56.0000002
8.07112639095,2013-02-26 11:10:24.0000002
26.2189232778,2013-02-26 11:10:24.0000001
8.35887432669,2014-04-29 00:02:40.0000001
15.3635841733,2014-04-29 00:02:40.0000002
13.3814705648,2014-04-29 00:02:40.0000003
13.0269298352,2010-08-06 20:27:12.0000002
10.4592790083,2010-08-06 20:27:12.0000005
6.45806786277,2010-08-06 20:27:12.0000004
13.0305576729,2010-08-06 20:27:12.0000001
8.5997963171,2012-06-07 00:25:40.0000001
13.6875487508,2012-06-07 00:25:40.0000002
8.35615804485,2011-09-24 07:42:32.0000001
8.42753159552,2011-09-28 10:58:48.0000002
7.58927446255,2011-09-28 10:58:48.0000001
7.35151330876,2011-09-28 10:58:48.0000005
13.196326253,2011-09-28 10:58:48.0000004
19.8783744727,2011-09-28 10:58:48.0000003
13.5936935779,2011-09-28 10:58:48.0000006
10.1735064704,2009-11-01 05:04:12.0000001
17.2790040927,2009-11-01 05:04:12.0000002
7.70794416963,2014-04-23 22:54:12.0000002
22.5966969931,2014-04-23 22:54:12.0000001
17.575582819,2014-04-23 22:54:12.0000004
10.6432368519,2014-04-23 22:54:12.0000003
7.15565818272,2014-04-23 22:54:12.0000005
10.5236132322,2014-04-23 22:54:12.0000006
8.08865725579,2012-02-28 19:18:44.0000001
9.92963561671,2012-02-28 19:18:44.0000002
44.8443841802,2010-09-29 16:43:00.0000003
7.69646032568,2010-09-29 16:43:00.000000143
6.61824875605,2010-09-29 16:43:00.000000150
6.72121332707,2010-09-29 16:43:00.00000077
13.7600575664,2010-09-29 16:43:00.000000153
7.10518060335,2010-09-29 16:43:00.00000048
5.5784622355,2010-09-29 16:43:00.00000086
10.8741124879,2010-09-29 16:43:00.000000108
8.64760495903,2010-09-29 16:43:00.000000101
8.77750974284,2010-09-29 16:43:00.000000132
5.94128656502,2010-09-29 16:43:00.00000033
7.26403532344,2010-09-29 16:43:00.00000055
11.0148745291,2010-09-29 16:43:00.000000107
6.66027386126,2010-09-29 16:43:00.000000147
8.81908785683,2010-09-29 16:43:00.00000098
6.69846619421,2010-09-29 16:43:00.00000053
11.4541729199,2010-09-29 16:43:00.00000052
8.80302154605,2010-09-29 16:43:00.00000085
7.49213223739,2010-09-29 16:43:00.000000115
5.5784622355,2010-09-29 16:43:00.000000133
11.6542180864,2010-09-29 16:43:00.000000131
11.8804618435,2010-09-29 16:43:00.00000031
6.51900011863,2010-09-29 16:43:00.00000096
7.7412763652,2010-09-29 16:43:00.000000120
9.94723530051,2010-09-29 16:43:00.000000175
12.4378078748,2010-09-29 16:43:00.00000072
11.2392641482,2010-09-29 16:43:00.00000038
10.7911254965,2010-09-29 16:43:00.00000043
40.9991081648,2010-09-29 16:43:00.0000007
9.79628171344,2010-09-29 16:43:00.000000111
9.27024440379,2010-09-29 16:43:00.00000067
10.6029217227,2010-09-29 16:43:00.00000065
6.58550763078,2010-09-29 16:43:00.00000046
12.8296126233,2010-09-29 16:43:00.00000075
7.75337903985,2010-09-29 16:43:00.000000155
45.505579975,2010-09-29 16:43:00.00000087
8.33645446289,2010-09-29 16:43:00.000000160
7.35584538191,2010-09-29 16:43:00.00000060
10.1157370147,2010-09-29 16:43:00.00000020
10.9416979142,2010-09-29 16:43:00.00000091
10.6822525601,2010-09-29 16:43:00.00000068
10.0267747619,2010-09-29 16:43:00.000000165
8.90251021898,2010-09-29 16:43:00.000000146
11.0878400019,2010-09-29 16:43:00.000000169
7.88834129096,2010-09-29 16:43:00.000000141
8.25768027539,2010-09-29 16:43:00.00000018
8.49930037716,2010-09-29 16:43:00.000000100
19.3912708988,2010-09-29 16:43:00.000000163
5.5784622355,2010-09-29 16:43:00.00000076
34.3813366487,2010-09-29 16:43:00.00000027
8.62308361764,2010-09-29 16:43:00.000000137
9.09815330874,2010-09-29 16:43:00.00000021
9.98380613337,2010-09-29 16:43:00.00000063
10.4575956451,2010-09-29 16:43:00.00000058
15.7224700289,2010-09-29 16:43:00.00000090
10.7855544266,2010-09-29 16:43:00.00000066
8.52920526549,2010-09-29 16:43:00.000000156
6.42139459118,2010-09-29 16:43:00.000000104
35.009990804,2010-09-29 16:43:00.00000089
6.59611210571,2010-09-29 16:43:00.00000029
8.77947707306,2010-09-29 16:43:00.0000004
12.204701108,2010-09-29 16:43:00.00000051
9.95142612576,2010-09-29 16:43:00.00000036
9.79819186049,2010-09-29 16:43:00.000000158
8.73919689832,2010-09-29 16:43:00.000000106
7.78685653036,2010-09-29 16:43:00.00000047
9.35185530647,2010-09-29 16:43:00.00000073
7.44347618918,2010-09-29 16:43:00.00000024
8.37991044003,2010-09-29 16:43:00.000000151
6.43838578185,2010-09-29 16:43:00.000000134
7.51048813513,2010-09-29 16:43:00.000000138
8.96074781815,2010-09-29 16:43:00.000000125
8.67798318546,2010-09-29 16:43:00.000000112
7.41607970817,2010-09-29 16:43:00.0000006
16.4187195269,2010-09-29 16:43:00.00000025
5.5784622355,2010-09-29 16:43:00.0000008
25.4958275335,2010-09-29 16:43:00.00000049
8.64885425094,2010-09-29 16:43:00.000000173
9.02260275627,2010-09-29 16:43:00.00000050
8.0171091539,2010-09-29 16:43:00.00000035
31.1348971367,2010-09-29 16:43:00.00000097
8.83215579466,2010-09-29 16:43:00.00000054
7.66276435247,2010-09-29 16:43:00.000000166
7.45290422231,2010-09-29 16:43:00.0000005
24.9495793204,2010-09-29 16:43:00.00000030
6.7922044308,2010-09-29 16:43:00.000000102
10.5359985797,2010-09-29 16:43:00.00000056
8.07156771457,2010-09-29 16:43:00.000000103
20.4717070323,2010-09-29 16:43:00.00000092
7.90769280402,2010-09-29 16:43:00.00000079
7.36288863106,2010-09-29 16:43:00.000000149
6.07572355187,2010-09-29 16:43:00.000000123
7.11920043796,2010-09-29 16:43:00.000000128
7.78024974251,2010-09-29 16:43:00.000000121
29.5687535763,2010-09-29 16:43:00.000000105
5.94675129438,2010-09-29 16:43:00.00000026
12.3345429169,2010-09-29 16:43:00.000000109
6.74174067959,2010-09-29 16:43:00.000000124
7.37131241539,2010-09-29 16:43:00.00000071
18.9673552527,2010-09-29 16:43:00.00000061
9.63117166087,2010-09-29 16:43:00.000000129
6.43681553201,2010-09-29 16:43:00.00000095
9.91727450196,2010-09-29 16:43:00.00000010
10.6156065224,2010-09-29 16:43:00.00000081
12.278585803,2010-09-29 16:43:00.00000017
8.704643353,2010-09-29 16:43:00.00000028
5.79894764516,2010-09-29 16:43:00.000000167
12.9647401475,2010-09-29 16:43:00.00000082
8.70305181036,2010-09-29 16:43:00.000000116
36.1270231666,2010-09-29 16:43:00.000000127
8.80703055777,2014-10-27 14:58:00.00000095
10.753696998,2014-10-27 14:58:00.000000118
8.80223655878,2014-10-27 14:58:00.00000098
12.0183997519,2014-10-27 14:58:00.000000108
6.75974438371,2014-10-27 14:58:00.00000074
12.8005531778,2014-10-27 14:58:00.00000079
8.36871864008,2014-10-27 14:58:00.000000137
11.0203416014,2014-10-27 14:58:00.0000001
7.9652304683,2014-10-27 14:58:00.00000018
8.05223919842,2014-10-27 14:58:00.000000142
6.68576580519,2014-10-27 14:58:00.00000082
16.4482773434,2014-10-27 14:58:00.0000008
7.72889724586,2014-10-27 14:58:00.00000016
7.93578073703,2014-10-27 14:58:00.000000117
9.66599529797,2014-10-27 14:58:00.00000048
7.11049564309,2014-10-27 14:58:00.00000075
16.2755507536,2014-10-27 14:58:00.000000112
7.11079283529,2014-10-27 14:58:00.00000029
7.54821977341,2014-10-27 14:58:00.00000058
10.1518120054,2014-10-27 14:58:00.00000053
6.97714808213,2014-10-27 14:58:00.00000052
10.4807845686,2014-10-27 14:58:00.00000071
10.1345848422,2014-10-27 14:58:00.00000044
7.50986605268,2014-10-27 14:58:00.000000120
9.37670127811,2014-10-27 14:58:00.00000034
8.11029904639,2014-10-27 14:58:00.000000105
8.21927767792,2014-10-27 14:58:00.000000147
8.3658536192,2014-10-27 14:58:00.00000030
8.3458671826,2014-10-27 14:58:00.000000100
8.4207807286,2014-10-27 14:58:00.00000086
24.0572157786,2014-10-27 14:58:00.00000047
27.2225095061,2014-10-27 14:58:00.000000107
22.5209153598,2014-10-27 14:58:00.000000127
6.49486229477,2014-10-27 14:58:00.000000119
26.5699528619,2014-10-27 14:58:00.00000013
25.6383578509,2014-10-27 14:58:00.00000076
6.80638175733,2014-10-27 14:58:00.00000085
9.52084738687,2014-10-27 14:58:00.00000038
7.8336021921,2014-10-27 14:58:00.0000004
26.7827972762,2014-10-27 14:58:00.00000037
6.63037847935,2014-10-27 14:58:00.00000041
6.72279030922,2014-10-27 14:58:00.000000141
7.87922971166,2014-10-27 14:58:00.000000140
8.90450735606,2014-10-27 14:58:00.00000042
7.61996186522,2014-10-27 14:58:00.000000109
11.0049051495,2014-10-27 14:58:00.00000077
14.0298890051,2014-10-27 14:58:00.00000026
6.81709594391,2014-10-27 14:58:00.000000151
8.3613431972,2014-10-27 14:58:00.00000061
12.5167082874,2014-10-27 14:58:00.000000114
13.0485996562,2014-10-27 14:58:00.00000021
8.06318159176,2014-10-27 14:58:00.00000063
48.0395095411,2014-10-27 14:58:00.00000072
9.02884118474,2014-10-27 14:58:00.000000131
29.267915787,2014-10-27 14:58:00.0000005
7.41442533592,2014-10-27 14:58:00.000000110
7.5947190991,2014-10-27 14:58:00.00000011
7.19095675262,2014-10-27 14:58:00.00000064
7.02415884863,2014-10-27 14:58:00.00000033
7.51552899487,2014-10-27 14:58:00.00000091
13.5748244729,2014-10-27 14:58:00.0000003
6.58214691369,2014-10-27 14:58:00.00000096
7.8269225906,2014-10-27 14:58:00.00000051
8.3903683265,2014-10-27 14:58:00.00000020
47.07938959,2014-10-27 14:58:00.000000138
14.9216838918,2014-10-27 14:58:00.0000002
10.5999589483,2014-10-27 14:58:00.00000039
7.86590793136,2014-10-27 14:58:00.00000073
7.80478465204,2014-10-27 14:58:00.000000116
7.93497365696,2014-10-27 14:58:00.00000049
13.0050555314,2014-10-27 14:58:00.00000025
6.74762680563,2014-10-27 14:58:00.000000133
8.50514243702,2014-10-27 14:58:00.00000043
7.68181639805,2014-10-27 14:58:00.00000055
23.6761383019,2014-10-27 14:58:00.000000124
10.2018145379,2014-10-27 14:58:00.00000083
8.6558410234,2014-10-27 14:58:00.00000010
7.48405685963,2014-10-27 14:58:00.000000126
10.1497655657,2014-10-27 14:58:00.00000017
8.73858093524,2014-10-27 14:58:00.000000139
7.54113323219,2014-10-27 14:58:00.00000014
9.40914632294,2014-10-27 14:58:00.00000045
6.70240155052,2014-10-27 14:58:00.000000132
27.8505252884,2014-10-27 14:58:00.00000080
8.19093413068,2014-10-27 14:58:00.00000019
11.1911046533,2014-10-27 14:58:00.000000102
9.87905841387,2014-10-27 14:58:00.00000062
30.1276839502,2014-10-27 14:58:00.000000122
14.5821659121,2014-10-27 14:58:00.00000032
9.48454844873,2014-10-27 14:58:00.00000015
48.1630052358,2014-10-27 14:58:00.00000084
7.39154242983,2014-10-27 14:58:00.000000134
9.67850956702,2014-10-27 14:58:00.00000093
8.05481726057,2014-10-27 14:58:00.00000068
38.1383098765,2014-10-27 14:58:00.00000089
45.447834762,2014-10-27 14:58:00.00000027
16.7878184712,2009-10-08 23:44:56.0000004
13.4314906283,2009-10-08 23:44:56.0000001
7.79575444751,2012-11-03 17:11:00.00000035
10.2672725344,2012-11-03 17:11:00.000000107
11.9481589198,2012-11-03 17:11:00.00000069
9.24743890837,2012-11-03 17:11:00.000000116
7.56579419561,2012-11-03 17:11:00.000000145
7.00669398218,2012-11-03 17:11:00.00000097
7.8796563189,2012-11-03 17:11:00.000000119
6.60355833107,2012-11-03 17:11:00.000000134
9.17577836309,2012-11-03 17:11:00.000000137
16.4851110993,2012-11-03 17:11:00.00000010
6.65129848108,2012-11-03 17:11:00.000000157
14.9171504782,2012-11-03 17:11:00.000000121
48.909261188,2012-11-03 17:11:00.00000073
10.0894359177,2012-11-03 17:11:00.00000062
7.78252232192,2012-11-03 17:11:00.000000130
9.59274082535,2012-11-03 17:11:00.000000141
9.73412599844,2012-11-03 17:11:00.00000098
9.48815710715,2012-11-03 17:11:00.00000066
9.21439828974,2012-11-03 17:11:00.00000036
5.81032352334,2012-11-03 17:11:00.00000026
8.24873373621,2012-11-03 17:11:00.000000110
8.1675908005,2012-11-03 17:11:00.00000021
7.89327024731,2012-11-03 17:11:00.00000040
10.0642565365,2012-11-03 17:11:00.00000087
10.5511392841,2012-11-03 17:11:00.00000039
13.1437889305,2012-11-03 17:11:00.00000033
8.10436393478,2012-11-03 17:11:00.0000006
14.9280960821,2012-11-03 17:11:00.00000025
11.198490309,2012-11-03 17:11:00.000000129
11.3225302179,2012-11-03 17:11:00.000000153
13.6141681525,2012-11-03 17:11:00.000000138
5.5784622355,2012-11-03 17:11:00.000000143
7.72785072263,2012-11-03 17:11:00.000000109
9.70130187782,2012-11-03 17:11:00.00000042
14.6045273092,2012-11-03 17:11:00.000000104
7.53531161337,2012-11-03 17:11:00.0000005
45.0013240309,2012-11-03 17:11:00.00000056
6.09730230523,2012-11-03 17:11:00.00000045
11.4970128398,2012-11-03 17:11:00.00000034
8.61198738942,2012-11-03 17:11:00.000000120
10.6790266763,2012-11-03 17:11:00.000000127
6.67923095864,2012-11-03 17:11:00.00000022
13.9779659728,2012-11-03 17:11:00.0000003
7.27496320804,2012-11-03 17:11:00.00000084
10.0048132651,2012-11-03 17:11:00.00000089
10.252531238,2012-11-03 17:11:00.00000041
10.7926426925,2012-11-03 17:11:00.000000108
9.25939981041,2012-11-03 17:11:00.000000158
6.49024525228,2012-11-03 17:11:00.000000122
16.1460397673,2012-11-03 17:11:00.000000111
6.14357093535,2012-11-03 17:11:00.00000027
5.5784622355,2012-11-03 17:11:00.0000008
18.4757743225,2012-11-03 17:11:00.000000148
22.3863003711,2012-11-03 17:11:00.000000144
9.93917228091,2012-11-03 17:11:00.00000029
8.1346312237,2012-11-03 17:11:00.00000049
7.10314699945,2012-11-03 17:11:00.00000011
13.6866350296,2012-11-03 17:11:00.00000094
15.0568539298,2012-11-03 17:11:00.000000152
9.5571182846,2012-11-03 17:11:00.00000051
9.6489993285,2012-11-03 17:11:00.00000048
9.91633502039,2012-11-03 17:11:00.00000043
9.30191692892,2012-11-03 17:11:00.00000059
8.97667821569,2012-11-03 17:11:00.00000019
9.88446933181,2012-11-03 17:11:00.000000135
10.7909455735,2012-11-03 17:11:00.00000017
8.40934905961,2012-11-03 17:11:00.000000146
12.1499167947,2012-11-03 17:11:00.00000068
11.6808716264,2012-11-03 17:11:00.00000092
19.8663399199,2012-11-03 17:11:00.0000002
7.55405793212,2012-11-03 17:11:00.000000133
10.7897252938,2012-11-03 17:11:00.00000038
8.1815434473,2012-11-03 17:11:00.000000123
7.59996842102,2012-11-03 17:11:00.00000015
7.25532834682,2012-11-03 17:11:00.000000131
7.46112920146,2012-11-03 17:11:00.000000112
8.26325280464,2012-11-03 17:11:00.000000100
10.0449075893,2012-11-03 17:11:00.00000095
7.90791142672,2012-11-03 17:11:00.0000004
16.2677400494,2012-11-03 17:11:00.00000047
17.232877277,2012-11-03 17:11:00.00000020
17.0524806592,2012-11-03 17:11:00.000000156
6.62114488261,2012-11-03 17:11:00.00000014
10.6237009747,2012-11-03 17:11:00.000000139
8.67188127258,2012-11-03 17:11:00.000000154
7.60097215571,2012-11-03 17:11:00.000000151
9.92658633585,2012-11-03 17:11:00.00000070
10.5317288944,2012-11-03 17:11:00.00000023
10.1588470629,2012-11-03 17:11:00.00000065
8.32102925738,2012-11-03 17:11:00.00000018
6.59138581922,2012-11-03 17:11:00.00000088
12.3587070565,2012-11-03 17:11:00.000000140
8.72067968045,2012-11-03 17:11:00.00000071
8.25903493604,2009-05-07 13:58:32.0000003
8.67331833093,2009-05-07 13:58:32.0000001
7.06081174154,2011-12-25 21:26:32.0000001
9.49062810946,2015-01-12 19:01:00.0000001
6.0392715788,2015-01-12 19:01:00.0000003
6.80099840291,2015-01-12 19:01:00.0000004
6.8192474555,2015-01-12 19:01:00.0000002
8.21724758046,2009-10-06 16:09:24.0000001
7.52954634125,2009-10-06 16:09:24.0000003
7.49164364761,2009-10-06 16:09:24.0000002
22.9977321002,2009-05-06 01:49:12.0000003
7.57921862759,2009-05-06 01:49:12.0000005
15.5316377063,2009-05-06 01:49:12.0000001
9.29622114046,2009-05-06 01:49:12.0000006
31.3310801578,2014-10-07 11:20:56.0000002
9.26782517356,2014-10-07 11:20:56.0000001
8.38753053604,2014-10-07 11:20:56.0000003
8.83627079274,2009-02-10 15:30:04.0000002
10.4403038911,2009-02-10 15:30:04.0000001
10.9520156587,2013-09-28 00:06:20.0000004
16.1494709921,2013-09-28 00:06:20.0000001
13.5304998908,2013-09-28 00:06:20.0000009
12.5066713458,2013-09-28 00:06:20.0000008
7.00846747836,2013-09-28 00:06:20.0000007
12.9000066097,2013-09-28 00:06:20.0000006
12.4427602539,2013-09-28 00:06:20.0000002
7.15123000783,2013-07-18 08:25:04.0000001
6.77968855647,2013-07-18 08:25:04.0000002
8.80377517294,2013-07-18 08:25:04.0000003
8.82912915188,2011-03-11 01:44:00.00000010
8.64390299885,2011-03-11 01:44:00.00000070
15.6647783627,2011-03-11 01:44:00.00000088
16.1756476716,2011-03-11 01:44:00.00000063
13.0752948776,2011-03-11 01:44:00.00000058
20.1190344842,2011-03-11 01:44:00.00000086
8.35679764895,2011-03-11 01:44:00.00000053
9.09077213589,2011-03-11 01:44:00.00000094
6.43156107247,2011-03-11 01:44:00.00000069
17.9062499054,2011-03-11 01:44:00.00000061
6.86415330657,2011-03-11 01:44:00.0000008
16.4410917405,2011-03-11 01:44:00.0000002
6.2981899746,2011-03-11 01:44:00.00000050
10.9201530718,2011-03-11 01:44:00.00000068
11.410097905,2011-03-11 01:44:00.00000018
17.218536505,2011-03-11 01:44:00.00000079
6.54261086002,2011-03-11 01:44:00.00000037
9.05248345239,2011-03-11 01:44:00.00000015
7.63096985696,2011-03-11 01:44:00.00000071
16.1784630464,2011-03-11 01:44:00.00000054
7.05244989856,2011-03-11 01:44:00.00000080
10.9942987316,2011-03-11 01:44:00.00000078
8.69811824639,2011-03-11 01:44:00.00000055
16.0820851539,2011-03-11 01:44:00.00000026
11.543471881,2011-03-11 01:44:00.00000045
8.30327154696,2011-03-11 01:44:00.00000013
26.1846392108,2011-03-11 01:44:00.0000007
6.22825775226,2011-03-11 01:44:00.00000024
6.86816858295,2011-03-11 01:44:00.00000093
9.98756459552,2011-03-11 01:44:00.00000089
10.7573834518,2011-03-11 01:44:00.00000022
6.68368819745,2011-03-11 01:44:00.00000020
6.15185633352,2011-03-11 01:44:00.00000025
20.9737228379,2011-03-11 01:44:00.00000090
17.5783177513,2011-03-11 01:44:00.00000087
14.4109159122,2011-03-11 01:44:00.00000017
13.67002813,2011-03-11 01:44:00.00000031
14.4863750182,2011-03-11 01:44:00.00000048
15.7898006722,2011-03-11 01:44:00.00000076
13.8849326787,2011-03-11 01:44:00.00000012
10.7925016887,2011-03-11 01:44:00.00000066
9.20392875158,2011-03-11 01:44:00.0000001
15.6707131478,2011-03-11 01:44:00.00000091
10.5486186593,2011-03-11 01:44:00.00000043
9.34648762943,2011-03-11 01:44:00.00000060
14.5906161633,2011-03-11 01:44:00.00000049
7.43035268937,2011-03-11 01:44:00.00000073
14.645910338,2011-03-11 01:44:00.0000004
7.75104776081,2013-12-16 19:06:44.0000002
8.1359083172,2013-12-18 03:49:24.0000001
10.5529876822,2013-08-05 19:04:36.0000002
8.80222719826,2013-08-05 19:04:36.0000001
7.30956744832,2009-05-08 18:00:36.0000002
12.3998389333,2013-01-27 00:09:12.0000002
8.44146676244,2013-01-27 00:09:12.0000006
9.57494809221,2013-01-27 00:09:12.0000009
7.32270272453,2013-01-27 00:09:12.0000001
10.1117807185,2013-01-27 00:09:12.0000004
14.1945233972,2013-01-27 00:09:12.0000007
9.66075270306,2013-01-27 00:09:12.0000005
7.27530021233,2012-06-18 22:51:56.0000002
6.82769353594,2012-06-18 22:51:56.0000001
5.5784622355,2011-06-20 09:55:24.0000004
7.73108028998,2011-06-20 09:55:24.0000003
9.80279365661,2011-06-20 09:55:24.0000001
6.88458044326,2011-06-20 09:55:24.0000002
9.35200597315,2011-06-20 09:55:24.0000005
7.47299468525,2015-02-22 09:48:32.0000002
11.0085005955,2015-02-22 09:48:32.0000001
20.1039578401,2015-02-22 09:48:32.0000003
11.0847989698,2010-08-25 23:40:32.0000001
15.0567585922,2012-01-07 11:21:56.0000002
9.52299757472,2012-10-31 12:17:24.0000003
7.45400002758,2012-10-31 12:17:24.0000001
15.9142138345,2012-10-20 02:05:08.0000001
7.58329593887,2012-10-20 02:05:08.0000002
11.4855942042,2012-05-06 08:52:08.0000001
7.89812633296,2014-10-11 15:11:24.0000002
34.9013523344,2014-10-11 15:11:24.0000004
11.1082321835,2014-10-11 15:11:24.0000005
29.9734655948,2014-10-11 15:11:24.0000006
7.18680275243,2014-10-11 15:11:24.0000001
7.99200158925,2009-08-17 12:27:08.0000004
20.2106677008,2009-08-17 12:27:08.0000001
8.18847692245,2009-08-17 12:27:08.0000003
15.1059893261,2011-10-28 07:45:04.0000001
8.68600719297,2011-10-28 07:45:04.0000003
6.25271849756,2011-10-28 07:45:04.0000002
7.80317341128,2014-04-09 09:23:12.0000003
7.9296955411,2014-04-09 09:23:12.0000005
8.5584707003,2014-04-09 09:23:12.0000002
10.050263787,2014-04-09 09:23:12.0000001
12.1705829904,2013-09-15 02:37:52.0000001
9.57319412767,2013-09-15 02:37:52.0000003
13.0268801379,2009-11-25 19:32:52.0000005
11.3059060725,2009-11-25 19:32:52.0000002
14.9659195621,2009-11-25 19:32:52.0000003
9.91395740459,2014-05-30 00:09:16.0000002
12.5433963512,2014-05-30 00:09:16.0000005
7.17303222033,2014-05-30 00:09:16.0000003
7.33785425417,2014-05-30 00:09:16.0000004
10.1812448698,2014-05-30 00:09:16.0000001
7.00866561884,2013-10-24 14:18:20.0000001
5.8561777332,2013-10-24 14:18:20.0000002
11.3682771008,2013-10-24 14:18:20.0000003
15.8385173012,2014-06-07 22:07:12.0000002
9.60228367068,2014-06-07 22:07:12.0000001
7.38949890422,2013-01-07 17:08:32.0000003
7.70819421507,2013-01-07 17:08:32.0000001
8.66571661363,2010-08-11 00:12:08.0000001
9.31794260172,2011-10-04 09:37:00.0000007
8.19603421004,2011-10-04 09:37:00.00000092
6.85298372941,2011-10-04 09:37:00.000000150
7.18103681032,2011-10-04 09:37:00.00000010
25.4047137734,2011-10-04 09:37:00.00000065
8.56260542296,2011-10-04 09:37:00.000000151
7.36072530094,2011-10-04 09:37:00.00000089
8.27837461565,2011-10-04 09:37:00.000000120
7.79142098201,2011-10-04 09:37:00.0000009
7.06449032538,2011-10-04 09:37:00.000000110
12.1162826899,2011-10-04 09:37:00.00000098
6.37350946327,2011-10-04 09:37:00.00000011
8.87115744649,2011-10-04 09:37:00.00000042
7.97759778007,2011-10-04 09:37:00.00000024
13.7724985377,2011-10-04 09:37:00.000000188
8.8055911406,2011-10-04 09:37:00.00000071
10.6683288167,2011-10-04 09:37:00.000000168
10.4097760215,2011-10-04 09:37:00.000000159
11.6904418115,2011-10-04 09:37:00.000000171
7.99849121139,2011-10-04 09:37:00.000000129
7.5221672884,2011-10-04 09:37:00.000000186
14.0299365054,2011-10-04 09:37:00.000000123
7.1413087826,2011-10-04 09:37:00.00000020
6.3982917065,2011-10-04 09:37:00.00000033
13.0397831656,2011-10-04 09:37:00.00000058
8.42243517319,2011-10-04 09:37:00.00000068
7.125714397,2011-10-04 09:37:00.000000131
19.0135511462,2011-10-04 09:37:00.000000178
23.8881814085,2011-10-04 09:37:00.000000103
10.2969083233,2011-10-04 09:37:00.00000026
6.45580475859,2011-10-04 09:37:00.000000115
32.1016954606,2011-10-04 09:37:00.00000059
13.1048792445,2011-10-04 09:37:00.00000090
7.34671174628,2011-10-04 09:37:00.00000063
6.62647668047,2011-10-04 09:37:00.000000169
8.0645931285,2011-10-04 09:37:00.00000066
6.16994076301,2011-10-04 09:37:00.000000181
5.9624046343,2011-10-04 09:37:00.00000018
7.22199707066,2011-10-04 09:37:00.000000112
11.5990713049,2011-10-04 09:37:00.00000094
7.43509407164,2011-10-04 09:37:00.0000001
11.7946983954,2011-10-04 09:37:00.000000139
11.885256539,2011-10-04 09:37:00.000000152
7.45065459334,2011-10-04 09:37:00.000000187
8.10140184629,2011-10-04 09:37:00.00000070
7.88922374054,2011-10-04 09:37:00.00000050
6.40147697884,2011-10-04 09:37:00.0000004
13.1056485078,2011-10-04 09:37:00.000000153
25.4847153035,2011-10-04 09:37:00.00000076
25.8896621818,2011-10-04 09:37:00.00000079
6.91521635626,2011-10-04 09:37:00.000000146
10.0410395667,2011-10-04 09:37:00.000000192
10.7347467888,2011-10-04 09:37:00.000000172
7.22986238625,2011-10-04 09:37:00.000000154
10.5116366426,2011-10-04 09:37:00.000000124
7.3962283901,2011-10-04 09:37:00.000000142
8.01874420685,2011-10-04 09:37:00.000000167
9.84110143058,2011-10-04 09:37:00.00000048
13.0226805962,2011-10-04 09:37:00.00000074
9.91697790741,2011-10-04 09:37:00.000000193
7.52687720617,2011-10-04 09:37:00.000000166
7.45769727073,2011-10-04 09:37:00.000000147
8.01580057001,2011-10-04 09:37:00.000000189
8.46279961563,2011-10-04 09:37:00.0000008
8.04133522483,2011-10-04 09:37:00.000000125
6.50387052591,2011-10-04 09:37:00.00000051
8.73242706564,2011-10-04 09:37:00.000000173
12.2064599501,2011-10-04 09:37:00.00000096
7.69063603159,2011-10-04 09:37:00.000000174
8.52692417201,2011-10-04 09:37:00.000000130
8.16592601303,2011-10-04 09:37:00.00000016
9.03563348433,2011-10-04 09:37:00.000000145
9.00502768466,2011-10-04 09:37:00.000000140
25.8679906826,2011-10-04 09:37:00.00000040
11.4223709073,2011-10-04 09:37:00.000000118
8.59807829998,2011-10-04 09:37:00.00000081
5.69059472193,2011-10-04 09:37:00.000000175
9.64912426004,2011-10-04 09:37:00.00000072
7.68695004014,2011-10-04 09:37:00.000000143
7.84051633796,2011-10-04 09:37:00.000000104
7.44225090711,2011-10-04 09:37:00.00000053
7.07188977811,2011-10-04 09:37:00.00000084
10.6913996557,2011-10-04 09:37:00.00000030
7.9750674829,2011-10-04 09:37:00.000000100
9.27322045572,2011-10-04 09:37:00.000000105
6.91595849794,2011-10-04 09:37:00.00000041
12.6322529235,2011-10-04 09:37:00.00000091
7.24404565568,2011-10-04 09:37:00.00000078
8.44579235269,2011-10-04 09:37:00.000000197
10.7946550919,2011-10-04 09:37:00.000000119
8.29746240041,2011-10-04 09:37:00.000000161
7.34154129503,2011-10-04 09:37:00.00000039
7.75505741135,2011-10-04 09:37:00.00000086
10.5935084424,2011-10-04 09:37:00.000000195
8.71930550875,2011-10-04 09:37:00.000000182
7.46423034082,2011-10-04 09:37:00.000000133
5.5784622355,2011-10-04 09:37:00.00000029
8.04317210648,2011-10-04 09:37:00.000000144
6.94879865433,2011-10-04 09:37:00.000000128
8.74355139721,2011-10-04 09:37:00.00000027
8.21334806746,2011-10-04 09:37:00.00000032
10.3825799251,2011-10-04 09:37:00.00000073
10.6174331706,2011-10-04 09:37:00.00000083
8.08025591778,2011-10-04 09:37:00.00000021
6.82409854979,2011-10-04 09:37:00.000000137
44.5481782639,2011-10-04 09:37:00.00000087
27.2921635126,2011-10-04 09:37:00.00000060
9.10769543231,2011-10-04 09:37:00.000000138
10.0750326227,2011-10-04 09:37:00.00000046
5.5784622355,2011-10-04 09:37:00.00000075
6.40856096948,2011-10-04 09:37:00.000000198
11.1422919449,2011-10-04 09:37:00.000000121
6.42306716035,2011-10-04 09:37:00.000000116
8.86867312726,2011-10-04 09:37:00.000000117
14.0403044931,2011-10-04 09:37:00.00000097
6.87648789208,2011-10-04 09:37:00.00000012
33.5206119129,2011-10-04 09:37:00.00000093
7.46273300874,2011-10-04 09:37:00.000000101
20.1666590061,2011-10-04 09:37:00.00000082
5.7835359872,2011-10-04 09:37:00.000000126
9.95167367239,2011-10-04 09:37:00.00000035
14.2878248867,2011-10-04 09:37:00.000000127
7.32904913466,2011-10-04 09:37:00.000000156
7.27277774865,2014-04-29 08:15:56.0000002
7.54438203,2014-04-29 08:15:56.0000001
12.2797300644,2012-10-23 14:15:04.0000003
13.6946245503,2012-10-23 14:15:04.0000004
7.49821105984,2012-10-23 14:15:04.0000001
8.30628349394,2012-08-31 08:01:16.0000001
12.2562909701,2012-10-18 21:06:20.0000003
29.4014848842,2012-10-18 21:06:20.0000006
8.88340013847,2012-10-18 21:06:20.0000002
5.5784622355,2012-10-18 21:06:20.0000005
7.8032830394,2012-10-18 21:06:20.0000004
10.763964848,2012-10-18 21:06:20.0000008
7.28887915979,2012-10-18 21:06:20.00000010
23.7788073213,2012-10-18 21:06:20.0000001
12.9222090355,2014-02-26 04:36:28.0000001
8.88028423039,2010-02-20 00:43:28.0000002
15.8803437406,2010-02-20 00:43:28.0000004
8.13474514237,2010-02-20 00:43:28.0000003
12.417158806,2010-02-20 00:43:28.0000001
8.773665833,2009-08-21 08:00:48.0000002
9.380573826,2009-08-21 08:00:48.0000001
8.96112215631,2009-08-21 08:00:48.0000003
8.48781927084,2014-12-24 03:00:00.00000034
24.7986854088,2014-12-24 03:00:00.00000013
15.0117716326,2014-12-24 03:00:00.0000001
9.41648893545,2014-12-24 03:00:00.00000032
7.61206952157,2014-12-24 03:00:00.0000006
7.74573726634,2014-12-24 03:00:00.00000037
10.9643800052,2014-12-24 03:00:00.00000012
20.8800352657,2014-12-24 03:00:00.00000023
7.55318608481,2014-12-24 03:00:00.00000041
9.52075607511,2014-12-24 03:00:00.0000008
13.617988146,2014-12-24 03:00:00.00000024
9.94412368358,2014-12-24 03:00:00.00000038
8.40416326315,2014-12-24 03:00:00.0000009
10.2475137746,2014-12-24 03:00:00.00000018
23.1173230666,2014-12-24 03:00:00.00000011
12.1273586441,2014-12-24 03:00:00.00000021
9.89301507653,2014-12-24 03:00:00.00000030
7.63851800166,2014-12-24 03:00:00.00000010
10.8899103016,2014-12-24 03:00:00.0000004
13.2988167282,2014-12-24 03:00:00.00000022
8.18886875639,2014-12-24 03:00:00.00000028
15.2887931065,2012-08-19 12:46:40.0000003
6.33560420846,2012-08-19 12:46:40.0000002
10.0501271567,2012-08-19 12:46:40.0000001
10.8747721483,2013-12-02 17:53:24.0000003
10.5330333224,2013-12-02 17:53:24.0000001
10.7552014518,2013-12-02 17:53:24.0000002
9.53981179302,2011-11-07 18:53:08.0000002
13.1209323877,2011-11-07 18:53:08.0000001
10.4457706463,2009-05-16 23:36:24.0000001
7.62210731546,2009-05-16 23:36:24.0000002
8.93872352826,2011-01-10 10:56:56.0000003
28.3213162913,2011-01-10 10:56:56.0000002
7.48617464828,2011-01-10 10:56:56.0000001
10.1670139289,2010-10-07 10:54:20.0000002
14.9400675917,2010-10-07 10:54:20.0000005
7.03359585288,2010-10-07 10:54:20.0000001
8.16992686362,2010-10-07 10:54:20.0000004
9.34191701664,2011-02-21 20:11:08.0000001
8.95338897751,2011-02-21 20:11:08.0000005
11.8068327992,2011-02-21 20:11:08.0000002
10.5070645598,2011-02-21 20:11:08.0000003
36.5365164555,2011-02-21 20:11:08.0000004
11.5933390555,2009-10-04 22:54:56.0000003
7.26355982533,2015-04-11 20:31:32.0000007
7.61878502261,2015-04-11 20:31:32.00000012
18.6001019466,2015-04-11 20:31:32.0000003
12.8648789099,2015-04-11 20:31:32.0000006
17.9255595947,2015-04-11 20:31:32.0000002
12.1294062243,2015-04-11 20:31:32.0000009
7.06963222431,2015-04-11 20:31:32.00000010
8.16436670394,2015-04-11 20:31:32.0000001
10.6044891096,2012-04-02 02:53:24.0000001
7.28573318544,2014-04-21 16:00:36.0000001
5.5784622355,2014-04-21 16:00:36.0000003
6.32892488755,2014-04-21 16:00:36.0000002
6.96513057928,2012-03-22 21:11:36.0000006
10.8888123616,2012-03-22 21:11:36.0000008
12.4937504176,2012-03-22 21:11:36.0000005
12.6173332165,2012-03-22 21:11:36.0000001
6.18824313462,2012-03-22 21:11:36.0000004
7.48718674115,2012-03-22 21:11:36.0000007
10.2563023236,2012-03-22 21:11:36.0000002
22.608627386,2012-03-22 21:11:36.0000003
7.45655464106,2011-04-08 00:57:44.0000001
10.6606088842,2011-02-20 12:31:04.0000001
6.55215951355,2011-02-20 12:31:04.0000003
18.5408696432,2011-02-06 17:08:24.0000004
7.74006926947,2011-02-06 17:08:24.0000002
10.3712506483,2011-02-06 17:08:24.0000001
9.39717287098,2013-01-01 22:04:56.0000001
12.4010973934,2013-04-23 17:52:44.0000001
6.63042623904,2013-04-23 17:52:44.0000002
6.82453949929,2013-07-02 21:47:24.0000003
16.01575796,2013-07-02 21:47:24.0000002
17.7768856216,2013-07-02 21:47:24.0000001
18.3886234404,2010-01-01 13:19:40.0000002
8.24258353893,2010-01-01 13:19:40.0000005
11.4973850692,2010-01-01 13:19:40.0000001
44.8945016766,2010-01-01 13:19:40.0000003
8.61154957754,2013-04-26 20:41:16.0000001
12.8284167534,2010-03-06 23:51:08.0000002
9.81385565211,2010-03-06 23:51:08.0000001
8.64401201932,2014-04-17 16:58:28.0000001
10.7406200785,2014-04-17 16:58:28.0000002
20.7355433998,2014-01-06 16:39:16.0000001
6.97176143154,2015-02-12 05:37:56.0000002
19.5136604107,2011-12-22 01:00:08.0000001
9.34861807212,2011-12-22 01:00:08.0000002
7.2195432183,2011-08-20 17:04:24.0000001
7.43496137897,2011-06-30 13:07:36.0000001
10.6073905508,2011-06-30 13:07:36.0000005
8.01855352632,2011-06-30 13:07:36.0000002
7.98603723665,2011-06-30 13:07:36.0000004
9.42404006719,2011-06-30 13:07:36.0000003
6.46194879473,2014-04-27 02:57:00.000000100
8.0877019302,2014-04-27 02:57:00.000000130
21.580089572,2014-04-27 02:57:00.000000109
16.0820158314,2014-04-27 02:57:00.00000096
12.2731620598,2014-04-27 02:57:00.00000063
5.70191044579,2014-04-27 02:57:00.000000177
14.3282661639,2014-04-27 02:57:00.000000132
19.4839343747,2014-04-27 02:57:00.000000170
13.0226563481,2014-04-27 02:57:00.00000021
10.5615005495,2014-04-27 02:57:00.000000136
11.5058298034,2014-04-27 02:57:00.00000032
7.71455587157,2014-04-27 02:57:00.000000107
35.4162440749,2014-04-27 02:57:00.00000028
17.2436873776,2014-04-27 02:57:00.00000026
8.01718985808,2014-04-27 02:57:00.000000139
19.9584387301,2014-04-27 02:57:00.00000015
5.98076132144,2014-04-27 02:57:00.00000095
23.0567771447,2014-04-27 02:57:00.000000105
8.83698416636,2014-04-27 02:57:00.000000196
6.48431095596,2014-04-27 02:57:00.0000001
9.7405067401,2014-04-27 02:57:00.000000175
17.0269908864,2014-04-27 02:57:00.000000188
9.95730700477,2014-04-27 02:57:00.00000051
8.25734475698,2014-04-27 02:57:00.00000055
15.7245547019,2014-04-27 02:57:00.00000016
9.03662908436,2014-04-27 02:57:00.000000169
9.87558120107,2014-04-27 02:57:00.00000086
11.6037334159,2014-04-27 02:57:00.000000148
11.4193025719,2014-04-27 02:57:00.00000087
17.0935934562,2014-04-27 02:57:00.00000027
19.4742121823,2014-04-27 02:57:00.000000120
7.00554455786,2014-04-27 02:57:00.00000068
7.80653915657,2014-04-27 02:57:00.00000099
10.2250939532,2014-04-27 02:57:00.000000193
15.1020963842,2014-04-27 02:57:00.00000081
21.7563208974,2014-04-27 02:57:00.000000135
7.69800158395,2014-04-27 02:57:00.000000181
7.80884961045,2014-04-27 02:57:00.00000020
17.1754377191,2014-04-27 02:57:00.000000157
12.2225616724,2014-04-27 02:57:00.00000079
7.63233611694,2014-04-27 02:57:00.00000019
12.130109974,2014-04-27 02:57:00.000000126
6.92089667482,2014-04-27 02:57:00.0000002
10.7010471791,2014-04-27 02:57:00.00000062
13.475724481,2014-04-27 02:57:00.00000085
14.7769044495,2014-04-27 02:57:00.00000014
10.3658291175,2014-04-27 02:57:00.000000161
14.3984427176,2014-04-27 02:57:00.00000084
18.4977073159,2014-04-27 02:57:00.000000122
9.49806090426,2014-04-27 02:57:00.000000111
8.67104688386,2014-04-27 02:57:00.000000113
11.4337837717,2014-04-27 02:57:00.00000071
13.1745996494,2014-04-27 02:57:00.00000077
39.7026104365,2014-04-27 02:57:00.000000134
11.7782938491,2014-04-27 02:57:00.000000103
9.29287451623,2014-04-27 02:57:00.000000102
12.3481136456,2014-04-27 02:57:00.000000160
6.44031450526,2014-04-27 02:57:00.00000042
5.8495344997,2014-04-27 02:57:00.00000054
13.8357498445,2014-04-27 02:57:00.00000049
11.0033226244,2014-04-27 02:57:00.000000147
10.4123531231,2014-04-27 02:57:00.00000045
11.7811264755,2014-04-27 02:57:00.0000003
10.4596798969,2014-04-27 02:57:00.000000182
8.39667535571,2014-04-27 02:57:00.000000180
16.7062479047,2014-04-27 02:57:00.00000038
9.56532357564,2014-04-27 02:57:00.0000005
6.78583819257,2014-04-27 02:57:00.000000108
7.25581047958,2014-04-27 02:57:00.00000092
7.73057147739,2014-04-27 02:57:00.000000192
8.46320207772,2014-04-27 02:57:00.000000165
9.73083307209,2014-04-27 02:57:00.000000115
10.2404649784,2014-04-27 02:57:00.00000029
7.4876063249,2014-04-27 02:57:00.00000050
10.3375428934,2014-04-27 02:57:00.000000119
14.050894584,2014-04-27 02:57:00.00000011
8.85741900712,2014-04-27 02:57:00.000000114
11.321593671,2014-04-27 02:57:00.000000190
5.65051795528,2014-04-27 02:57:00.00000061
10.1120133093,2014-04-27 02:57:00.00000098
8.61210063339,2014-04-27 02:57:00.00000040
13.0374753764,2014-04-27 02:57:00.000000117
8.46905018401,2014-04-27 02:57:00.000000150
8.99998702726,2014-04-27 02:57:00.00000035
17.859985374,2014-04-27 02:57:00.00000022
8.75056425244,2014-04-27 02:57:00.000000146
9.24686663266,2014-04-27 02:57:00.00000018
14.0357520466,2014-04-27 02:57:00.00000041
18.6354068876,2014-04-27 02:57:00.00000089
9.34841924635,2014-04-27 02:57:00.00000088
12.7479623291,2014-04-27 02:57:00.000000101
23.399995624,2014-04-27 02:57:00.00000058
8.09697286082,2014-04-27 02:57:00.00000030
13.0033632953,2014-04-27 02:57:00.000000156
7.55070243029,2014-04-27 02:57:00.00000024
7.47663383352,2014-04-27 02:57:00.000000163
13.3061253516,2014-04-27 02:57:00.000000152
7.88418791959,2014-04-27 02:57:00.00000037
7.36008080863,2014-04-27 02:57:00.00000065
17.3532310896,2014-04-27 02:57:00.0000006
9.69369509585,2014-04-27 02:57:00.00000060
8.59681161641,2014-04-27 02:57:00.000000110
7.75981204001,2014-04-27 02:57:00.00000034
21.3882323207,2014-04-27 02:57:00.000000149
6.39086650394,2014-04-27 02:57:00.000000176
7.94440200186,2014-04-27 02:57:00.000000184
9.17968504487,2014-04-27 02:57:00.000000118
13.0804773965,2014-04-27 02:57:00.000000186
8.36976357331,2014-04-27 02:57:00.000000104
23.7479637667,2014-04-27 02:57:00.00000080
9.26107769367,2014-04-27 02:57:00.000000121
7.927146787,2014-04-27 02:57:00.00000093
10.3848658391,2014-04-27 02:57:00.00000056
14.7925511459,2014-04-27 02:57:00.00000044
9.38048167248,2014-04-27 02:57:00.00000048
11.3615472772,2014-04-27 02:57:00.00000059
16.691853186,2014-04-27 02:57:00.000000194
15.848987327,2014-04-27 02:57:00.000000185
17.9214733657,2014-04-27 02:57:00.000000125
13.6385443125,2014-04-27 02:57:00.00000046
17.0923796335,2014-04-27 02:57:00.00000070
13.0076016202,2014-04-27 02:57:00.000000133
6.7070565557,2011-01-18 10:26:40.0000003
10.0386528656,2011-01-18 10:26:40.0000002
10.9182843469,2012-04-20 07:57:20.0000001
7.36094506128,2012-04-20 07:57:20.0000004
8.45461949266,2012-04-20 07:57:20.0000003
6.96902918347,2012-04-20 07:57:20.0000002
14.4532788523,2011-12-13 22:00:00.00000071
6.13135044558,2011-12-13 22:00:00.000000178
9.63729529773,2011-12-13 22:00:00.00000016
9.24680040074,2011-12-13 22:00:00.000000127
6.28773745398,2011-12-13 22:00:00.00000065
6.92685670038,2011-12-13 22:00:00.000000227
7.7958142383,2011-12-13 22:00:00.000000257
9.20539905619,2011-12-13 22:00:00.000000238
10.1955213262,2011-12-13 22:00:00.0000008
7.22980691249,2011-12-13 22:00:00.000000252
14.1437500386,2011-12-13 22:00:00.000000204
8.09549909682,2011-12-13 22:00:00.000000120
6.43997566216,2011-12-13 22:00:00.000000175
11.0054243561,2011-12-13 22:00:00.00000010
8.57462640109,2011-12-13 22:00:00.00000048
7.62643847451,2011-12-13 22:00:00.000000189
7.0726128499,2011-12-13 22:00:00.00000011
8.01104907898,2011-12-13 22:00:00.000000247
6.52799903572,2011-12-13 22:00:00.000000261
12.1131751818,2011-12-13 22:00:00.0000004
10.6380410867,2011-12-13 22:00:00.00000014
37.7978105714,2011-12-13 22:00:00.000000151
